{
  "loss": [
    1.1559889316558838,
    0.880638599395752,
    0.7819916009902954,
    0.7371326684951782,
    0.704639732837677,
    0.6872503757476807,
    0.6683699488639832,
    0.6584959030151367,
    0.641730785369873,
    0.6312509179115295,
    0.6272016763687134,
    0.6240267753601074,
    0.6118605732917786,
    0.6086962223052979,
    0.6096775531768799
  ],
  "r2": [
    0.09165948629379272,
    0.3080207109451294,
    0.3855352997779846,
    0.42078351974487305,
    0.44631510972976685,
    0.4599800109863281,
    0.474815309047699,
    0.48257386684417725,
    0.49574750661849976,
    0.5039823055267334,
    0.5071638822555542,
    0.5096586346626282,
    0.5192182064056396,
    0.521705150604248,
    0.5209338665008545
  ],
  "rmse": [
    1.0751692056655884,
    0.9384234547615051,
    0.8843028545379639,
    0.8585642576217651,
    0.839428186416626,
    0.8290055990219116,
    0.8175389766693115,
    0.811477541923523,
    0.8010810017585754,
    0.7945129871368408,
    0.7919606566429138,
    0.7899536490440369,
    0.7822151780128479,
    0.7801898717880249,
    0.780818521976471
  ],
  "val_loss": [
    1.0238494873046875,
    0.9819525480270386,
    0.9273053407669067,
    0.9401276707649231,
    0.9359821081161499,
    0.9472560286521912,
    0.944912850856781,
    0.9683132171630859,
    0.983553409576416,
    0.9680566787719727,
    0.9640834927558899,
    0.9694358110427856,
    0.9668141007423401,
    0.9697758555412292,
    0.9842854142189026
  ],
  "val_r2": [
    0.11692279577255249,
    0.1530592441558838,
    0.20019274950027466,
    0.18913334608078003,
    0.19270896911621094,
    0.1829851269721985,
    0.18500620126724243,
    0.16482311487197876,
    0.15167832374572754,
    0.165044367313385,
    0.16847139596939087,
    0.16385483741760254,
    0.16611623764038086,
    0.16356176137924194,
    0.15104717016220093
  ],
  "val_rmse": [
    1.0118544101715088,
    0.990935206413269,
    0.9629669189453125,
    0.9696018099784851,
    0.9674616456031799,
    0.9732708930969238,
    0.9720662236213684,
    0.9840290546417236,
    0.9917426109313965,
    0.9838986992835999,
    0.9818775057792664,
    0.9845992922782898,
    0.983267068862915,
    0.9847719669342041,
    0.9921115636825562
  ],
  "learning_rate": [
    9.999999747378752e-05,
    9.999999747378752e-05,
    9.999999747378752e-05,
    9.999999747378752e-05,
    9.999999747378752e-05,
    9.999999747378752e-05,
    9.999999747378752e-05,
    9.999999747378752e-05,
    9.999999747378752e-05,
    4.999999873689376e-05,
    4.999999873689376e-05,
    4.999999873689376e-05,
    4.999999873689376e-05,
    4.999999873689376e-05,
    4.999999873689376e-05
  ]
}