{
  "loss": [
    0.740002453327179,
    0.6704150438308716,
    0.6316120028495789,
    0.6157472729682922,
    0.6033833622932434,
    0.5949601531028748,
    0.5832565426826477,
    0.5744659304618835,
    0.5689417123794556,
    0.5628162026405334,
    0.5613053441047668,
    0.5509194731712341,
    0.5561537742614746
  ],
  "r2": [
    -78.07620239257812,
    -82.33625030517578,
    -85.73175048828125,
    -86.89287567138672,
    -87.71797943115234,
    -88.32389068603516,
    -88.98989868164062,
    -89.37403869628906,
    -89.76863861083984,
    -90.1921157836914,
    -90.16769409179688,
    -90.85462951660156,
    -90.6788330078125
  ],
  "rmse": [
    0.8602339625358582,
    0.8187887668609619,
    0.7947402000427246,
    0.7846956849098206,
    0.7767775654792786,
    0.7713366150856018,
    0.7637123465538025,
    0.7579352855682373,
    0.7542822360992432,
    0.7502107620239258,
    0.7492031455039978,
    0.7422394752502441,
    0.7457571625709534
  ],
  "val_loss": [
    0.649112343788147,
    0.6438559293746948,
    0.6308486461639404,
    0.6875141859054565,
    0.6448028087615967,
    0.6452471017837524,
    0.6266326308250427,
    0.6644499897956848,
    0.6755085587501526,
    0.6757206320762634,
    0.6674171090126038,
    0.6631019115447998,
    0.7126901745796204
  ],
  "val_r2": [
    -53.707618713378906,
    -58.25985336303711,
    -57.59677505493164,
    -62.11503219604492,
    -62.07960891723633,
    -60.90553283691406,
    -60.42519760131836,
    -62.408531188964844,
    -63.398109436035156,
    -64.9197006225586,
    -63.748451232910156,
    -63.36353302001953,
    -66.7565689086914
  ],
  "val_rmse": [
    0.8056750893592834,
    0.8024063110351562,
    0.794259786605835,
    0.8291647434234619,
    0.8029961585998535,
    0.8032727241516113,
    0.791601300239563,
    0.8151379823684692,
    0.8218932747840881,
    0.8220222592353821,
    0.8169559836387634,
    0.8143106698989868,
    0.8442097902297974
  ],
  "learning_rate": [
    9.999999747378752e-05,
    9.999999747378752e-05,
    9.999999747378752e-05,
    9.999999747378752e-05,
    9.999999747378752e-05,
    9.999999747378752e-05,
    9.999999747378752e-05,
    4.999999873689376e-05,
    4.999999873689376e-05,
    4.999999873689376e-05,
    4.999999873689376e-05,
    4.999999873689376e-05,
    4.999999873689376e-05
  ]
}