{
  "loss": [
    0.5032809376716614,
    0.42322057485580444,
    0.38334816694259644,
    0.35873696208000183,
    0.33860185742378235,
    0.3039385974407196,
    0.28140610456466675,
    0.25009381771087646,
    0.23191650211811066,
    0.2226518839597702,
    0.21575461328029633,
    0.20570199191570282,
    0.1989051103591919
  ],
  "r2": [
    -189.54005432128906,
    -199.9949188232422,
    -204.70980834960938,
    -208.21763610839844,
    -211.48968505859375,
    -214.3449249267578,
    -217.59304809570312,
    -221.8509979248047,
    -223.50645446777344,
    -225.03944396972656,
    -225.79856872558594,
    -227.39501953125,
    -227.6992950439453
  ],
  "rmse": [
    0.7094229459762573,
    0.6505540609359741,
    0.6191511750221252,
    0.5989465713500977,
    0.5818950533866882,
    0.5513062477111816,
    0.5304772257804871,
    0.5000938177108765,
    0.4815770983695984,
    0.47186002135276794,
    0.46449393033981323,
    0.4535438120365143,
    0.4459877908229828
  ],
  "val_loss": [
    0.42762476205825806,
    0.4299394190311432,
    0.4136078357696533,
    0.43870165944099426,
    0.438328355550766,
    0.5298132300376892,
    0.5595001578330994,
    0.5945240259170532,
    0.5252280831336975,
    0.5504108667373657,
    0.5775163173675537,
    0.5378857851028442,
    0.5732800960540771
  ],
  "val_r2": [
    -90.42513275146484,
    -92.82595825195312,
    -93.67540740966797,
    -94.63751220703125,
    -91.92859649658203,
    -111.91435241699219,
    -116.31905364990234,
    -120.36070251464844,
    -109.2121810913086,
    -114.00962829589844,
    -118.48136901855469,
    -108.09021759033203,
    -116.16825866699219
  ],
  "val_rmse": [
    0.6539302468299866,
    0.6556976437568665,
    0.6431235074996948,
    0.6623455882072449,
    0.662063717842102,
    0.7278826832771301,
    0.7479974627494812,
    0.7710538506507874,
    0.7247262001037598,
    0.7418968081474304,
    0.7599449753761292,
    0.7334069609642029,
    0.7571526169776917
  ],
  "learning_rate": [
    0.0010000000474974513,
    0.0010000000474974513,
    0.0010000000474974513,
    0.0010000000474974513,
    0.0010000000474974513,
    0.0010000000474974513,
    0.0010000000474974513,
    0.0005000000237487257,
    0.0005000000237487257,
    0.0005000000237487257,
    0.0005000000237487257,
    0.0005000000237487257,
    0.0005000000237487257
  ]
}