{
  "loss": [
    0.4944363534450531,
    0.4175647497177124,
    0.38246577978134155,
    0.35597482323646545,
    0.3299804627895355,
    0.30499154329299927,
    0.2807200253009796,
    0.261201411485672,
    0.244318425655365,
    0.22745659947395325,
    0.20882005989551544,
    0.19124925136566162,
    0.19689211249351501,
    0.1806669682264328,
    0.1749848872423172,
    0.17246493697166443
  ],
  "r2": [
    -190.99948120117188,
    -200.6793670654297,
    -204.72958374023438,
    -209.1940155029297,
    -211.9575653076172,
    -214.57810974121094,
    -217.90631103515625,
    -220.46923828125,
    -222.21363830566406,
    -224.8240509033203,
    -226.10794067382812,
    -228.80136108398438,
    -226.88763427734375,
    -229.995849609375,
    -231.2727813720703,
    -231.50489807128906
  ],
  "rmse": [
    0.7031616568565369,
    0.6461924910545349,
    0.618438184261322,
    0.5966362357139587,
    0.5744392275810242,
    0.5522603988647461,
    0.5298301577568054,
    0.5110786557197571,
    0.4942857623100281,
    0.4769240915775299,
    0.4569683372974396,
    0.4373205304145813,
    0.44372525811195374,
    0.425049364566803,
    0.4183119535446167,
    0.4152889847755432
  ],
  "val_loss": [
    0.47780391573905945,
    0.4722753167152405,
    0.42867615818977356,
    0.4382329285144806,
    0.45047399401664734,
    0.4962235391139984,
    0.53244948387146,
    0.6207810044288635,
    0.5456191301345825,
    0.5104411244392395,
    0.5767475962638855,
    0.5331390500068665,
    0.562439501285553,
    0.6107232570648193,
    0.5910878777503967,
    0.5742418169975281
  ],
  "val_r2": [
    -98.35189819335938,
    -99.46992492675781,
    -98.88513946533203,
    -87.02619171142578,
    -92.91661834716797,
    -104.24761962890625,
    -111.9217300415039,
    -121.08513641357422,
    -110.2621078491211,
    -106.44879150390625,
    -120.16563415527344,
    -109.37018585205078,
    -113.33162689208984,
    -120.72239685058594,
    -119.25672912597656,
    -112.75615692138672
  ],
  "val_rmse": [
    0.6912336349487305,
    0.6872228980064392,
    0.6547336578369141,
    0.6619915962219238,
    0.6711735725402832,
    0.7044313549995422,
    0.7296913266181946,
    0.7878965735435486,
    0.7386603355407715,
    0.7144516110420227,
    0.7594389915466309,
    0.7301636934280396,
    0.7499597072601318,
    0.7814878225326538,
    0.768822431564331,
    0.7577874660491943
  ],
  "learning_rate": [
    0.0010000000474974513,
    0.0010000000474974513,
    0.0010000000474974513,
    0.0010000000474974513,
    0.0010000000474974513,
    0.0010000000474974513,
    0.0010000000474974513,
    0.0010000000474974513,
    0.0010000000474974513,
    0.0010000000474974513,
    0.0005000000237487257,
    0.0005000000237487257,
    0.0005000000237487257,
    0.0005000000237487257,
    0.0005000000237487257,
    0.0005000000237487257
  ]
}