{
  "loss": [
    4.009609699249268,
    2.5140669345855713,
    1.7899792194366455,
    1.453700065612793,
    1.2657735347747803,
    1.1464987993240356,
    1.0616774559020996,
    0.9957954287528992,
    0.9501766562461853,
    0.9056454300880432,
    0.8740870952606201,
    0.842951238155365,
    0.8222517371177673,
    0.8014333248138428,
    0.7902889251708984,
    0.780063807964325,
    0.7715259790420532,
    0.7656429409980774,
    0.754649817943573
  ],
  "r2": [
    -0.45583009719848633,
    0.07596743106842041,
    0.29172515869140625,
    0.36667776107788086,
    0.39964407682418823,
    0.4188365936279297,
    0.4342498183250427,
    0.4496766924858093,
    0.45890432596206665,
    0.47373998165130615,
    0.4829943776130676,
    0.49473464488983154,
    0.500267505645752,
    0.5097448825836182,
    0.5141260623931885,
    0.5181441903114319,
    0.5209425687789917,
    0.5220513343811035,
    0.5274227857589722
  ],
  "rmse": [
    1.3647985458374023,
    1.0873185396194458,
    0.9519500136375427,
    0.9001722931861877,
    0.8764304518699646,
    0.8623077273368835,
    0.8507962226867676,
    0.8391165733337402,
    0.8320515751838684,
    0.8205658197402954,
    0.8133185505867004,
    0.8040313720703125,
    0.7996166944503784,
    0.7919983267784119,
    0.7884514331817627,
    0.7851844429969788,
    0.7829013466835022,
    0.7819945812225342,
    0.7775880098342896
  ],
  "val_loss": [
    3.075859546661377,
    2.103950262069702,
    1.7480652332305908,
    1.5531437397003174,
    1.4331518411636353,
    1.3693939447402954,
    1.2991976737976074,
    1.2849756479263306,
    1.2477834224700928,
    1.2648645639419556,
    1.2188518047332764,
    1.2267963886260986,
    1.2057843208312988,
    1.2028429508209229,
    1.1957118511199951,
    1.2174572944641113,
    1.1841387748718262,
    1.240437626838684,
    1.2077480554580688
  ],
  "val_r2": [
    -0.20912373065948486,
    0.10338115692138672,
    0.13577789068222046,
    0.14738619327545166,
    0.1513025164604187,
    0.13963359594345093,
    0.1533794403076172,
    0.13187777996063232,
    0.13895851373672485,
    0.10525238513946533,
    0.12951475381851196,
    0.1099468469619751,
    0.11757451295852661,
    0.1151663064956665,
    0.11679816246032715,
    0.09380388259887695,
    0.11831849813461304,
    0.06638127565383911,
    0.09094548225402832
  ],
  "val_rmse": [
    1.187275767326355,
    1.0223984718322754,
    1.0037578344345093,
    0.9969938397407532,
    0.9947013258934021,
    1.0015161037445068,
    0.9934835433959961,
    1.006020188331604,
    1.0019090175628662,
    1.0213310718536377,
    1.0073882341384888,
    1.018648386001587,
    1.014274001121521,
    1.0156569480895996,
    1.0147202014923096,
    1.0278441905975342,
    1.0138462781906128,
    1.0432804822921753,
    1.0294640064239502
  ],
  "learning_rate": [
    9.999999747378752e-05,
    9.999999747378752e-05,
    9.999999747378752e-05,
    9.999999747378752e-05,
    9.999999747378752e-05,
    9.999999747378752e-05,
    9.999999747378752e-05,
    9.999999747378752e-05,
    9.999999747378752e-05,
    9.999999747378752e-05,
    9.999999747378752e-05,
    9.999999747378752e-05,
    9.999999747378752e-05,
    4.999999873689376e-05,
    4.999999873689376e-05,
    4.999999873689376e-05,
    4.999999873689376e-05,
    4.999999873689376e-05,
    4.999999873689376e-05
  ]
}