{
  "loss": [
    5.643682956695557,
    3.173304319381714,
    2.1870932579040527,
    1.6851084232330322,
    1.395133137702942,
    1.21006178855896,
    1.0859321355819702,
    1.0038511753082275,
    0.9425994157791138,
    0.8899732232093811,
    0.8493134379386902,
    0.8281038403511047,
    0.8078184127807617,
    0.7861154079437256,
    0.7669529318809509,
    0.7495604157447815
  ],
  "r2": [
    -0.4705408811569214,
    0.20752781629562378,
    0.34414929151535034,
    0.39623165130615234,
    0.42645537853240967,
    0.45236676931381226,
    0.4745606780052185,
    0.48933905363082886,
    0.5026359558105469,
    0.5178011655807495,
    0.5334881544113159,
    0.5406160950660706,
    0.5477776527404785,
    0.5568499565124512,
    0.5644615888595581,
    0.571365475654602
  ],
  "rmse": [
    1.364723563194275,
    1.001839280128479,
    0.9113991260528564,
    0.8744626641273499,
    0.8522945046424866,
    0.8328199982643127,
    0.8157694339752197,
    0.8042155504226685,
    0.7936760783195496,
    0.7814823389053345,
    0.7686655521392822,
    0.7627707719802856,
    0.7568018436431885,
    0.749172031879425,
    0.7427100539207458,
    0.7368004322052002
  ],
  "val_loss": [
    4.259017467498779,
    2.9390392303466797,
    2.3213024139404297,
    1.9064570665359497,
    1.7405623197555542,
    1.733075737953186,
    1.6339398622512817,
    1.5146254301071167,
    1.594854712486267,
    1.5960177183151245,
    1.482182264328003,
    1.5275087356567383,
    1.4877967834472656,
    1.5302668809890747,
    1.4792848825454712,
    1.4837145805358887
  ],
  "val_r2": [
    -0.17711186408996582,
    -0.01265251636505127,
    0.01878035068511963,
    0.09245991706848145,
    0.0709683895111084,
    -0.01780831813812256,
    0.00026345252990722656,
    0.05383020639419556,
    -0.04044783115386963,
    -0.06512081623077393,
    0.015583634376525879,
    -0.029961705207824707,
    -0.006697535514831543,
    -0.04860579967498779,
    -0.015070199966430664,
    -0.02526390552520752
  ],
  "val_rmse": [
    1.2128218412399292,
    1.1249116659164429,
    1.107315182685852,
    1.0649299621582031,
    1.0774656534194946,
    1.1277717351913452,
    1.1177146434783936,
    1.0873583555221558,
    1.1402454376220703,
    1.1536858081817627,
    1.1091173887252808,
    1.134484887123108,
    1.1215990781784058,
    1.1447068452835083,
    1.126253604888916,
    1.1318944692611694
  ],
  "learning_rate": [
    9.999999747378752e-05,
    9.999999747378752e-05,
    9.999999747378752e-05,
    9.999999747378752e-05,
    9.999999747378752e-05,
    9.999999747378752e-05,
    9.999999747378752e-05,
    9.999999747378752e-05,
    9.999999747378752e-05,
    9.999999747378752e-05,
    4.999999873689376e-05,
    4.999999873689376e-05,
    4.999999873689376e-05,
    4.999999873689376e-05,
    4.999999873689376e-05,
    4.999999873689376e-05
  ]
}