{
  "loss": [
    105.74259185791016,
    76.2306900024414,
    74.29240417480469,
    72.25224304199219,
    70.10031127929688,
    67.41477966308594,
    64.8448715209961,
    63.15653610229492,
    60.79824447631836,
    60.17366409301758,
    60.2045783996582,
    57.686405181884766,
    55.624629974365234,
    54.81879806518555,
    53.20445251464844,
    52.67169189453125
  ],
  "r2": [
    -172.5777130126953,
    -172.7533721923828,
    -176.1875457763672,
    -176.64663696289062,
    -179.2206573486328,
    -180.99009704589844,
    -184.33592224121094,
    -187.25537109375,
    -188.18017578125,
    -189.58291625976562,
    -188.17213439941406,
    -192.21426391601562,
    -191.70497131347656,
    -194.5676727294922,
    -196.30096435546875,
    -198.1919708251953
  ],
  "rmse": [
    10.283121109008789,
    8.731019020080566,
    8.619303703308105,
    8.500131607055664,
    8.37259292602539,
    8.210650444030762,
    8.052631378173828,
    7.947108745574951,
    7.797322750091553,
    7.757168769836426,
    7.759160995483398,
    7.595156669616699,
    7.458191871643066,
    7.4039716720581055,
    7.294137954711914,
    7.257526397705078
  ],
  "val_loss": [
    88.03665924072266,
    87.21926879882812,
    87.98091125488281,
    82.23571014404297,
    86.28717041015625,
    97.48286437988281,
    97.61038970947266,
    94.098876953125,
    91.06076049804688,
    84.09453582763672,
    82.9039077758789,
    87.73638916015625,
    91.57200622558594,
    88.49058532714844,
    92.37268829345703,
    87.01898193359375
  ],
  "val_r2": [
    -116.66476440429688,
    -117.3687973022461,
    -120.9273452758789,
    -113.9829330444336,
    -122.77237701416016,
    -138.34510803222656,
    -141.37222290039062,
    -138.24395751953125,
    -135.10447692871094,
    -127.40792846679688,
    -127.93040466308594,
    -133.46034240722656,
    -140.0409698486328,
    -138.09446716308594,
    -142.9942626953125,
    -134.47605895996094
  ],
  "val_rmse": [
    9.382784843444824,
    9.339125633239746,
    9.379814147949219,
    9.068390846252441,
    9.289088249206543,
    9.873340606689453,
    9.879796981811523,
    9.700457572937012,
    9.54257583618164,
    9.170307159423828,
    9.105157852172852,
    9.36677074432373,
    9.569326400756836,
    9.406943321228027,
    9.61107063293457,
    9.32839584350586
  ],
  "learning_rate": [
    0.0010000000474974513,
    0.0010000000474974513,
    0.0010000000474974513,
    0.0010000000474974513,
    0.0010000000474974513,
    0.0010000000474974513,
    0.0010000000474974513,
    0.0010000000474974513,
    0.0010000000474974513,
    0.0010000000474974513,
    0.0005000000237487257,
    0.0005000000237487257,
    0.0005000000237487257,
    0.0005000000237487257,
    0.0005000000237487257,
    0.0005000000237487257
  ]
}