{
  "loss": [
    106.01261138916016,
    76.3320083618164,
    74.8844985961914,
    75.14266204833984,
    72.52320861816406,
    73.26920318603516,
    70.50711059570312,
    68.66114807128906,
    65.17935180664062,
    64.29644775390625,
    64.63910675048828,
    62.82712936401367,
    62.23340606689453,
    60.705291748046875
  ],
  "r2": [
    -172.86398315429688,
    -173.07171630859375,
    -173.53387451171875,
    -173.41082763671875,
    -176.49415588378906,
    -175.0822296142578,
    -178.1967315673828,
    -180.99807739257812,
    -184.87393188476562,
    -185.08206176757812,
    -182.09423828125,
    -186.240478515625,
    -185.605224609375,
    -188.74525451660156
  ],
  "rmse": [
    10.296242713928223,
    8.73681926727295,
    8.653582572937012,
    8.668486595153809,
    8.516056060791016,
    8.55974292755127,
    8.396851539611816,
    8.286202430725098,
    8.073372840881348,
    8.018506050109863,
    8.039844512939453,
    7.926356792449951,
    7.888814926147461,
    7.791359901428223
  ],
  "val_loss": [
    90.92230987548828,
    80.30298614501953,
    83.26594543457031,
    80.53785705566406,
    89.6857681274414,
    83.7652587890625,
    90.57725524902344,
    89.94434356689453,
    92.18762969970703,
    80.42094421386719,
    79.72528839111328,
    89.0416259765625,
    88.13892364501953,
    82.87761688232422
  ],
  "val_r2": [
    -119.03715515136719,
    -107.81189727783203,
    -112.6872329711914,
    -108.8017807006836,
    -124.1539306640625,
    -115.0712661743164,
    -128.8148956298828,
    -129.58938598632812,
    -133.9549560546875,
    -119.49188232421875,
    -120.28811645507812,
    -131.65611267089844,
    -130.53147888183594,
    -124.9613037109375
  ],
  "val_rmse": [
    9.535318374633789,
    8.961193084716797,
    9.125017166137695,
    8.974288940429688,
    9.470256805419922,
    9.152336120605469,
    9.517208099365234,
    9.483899116516113,
    9.601438522338867,
    8.967772483825684,
    8.928901672363281,
    9.436186790466309,
    9.388233184814453,
    9.103713989257812
  ],
  "learning_rate": [
    0.0010000000474974513,
    0.0010000000474974513,
    0.0010000000474974513,
    0.0010000000474974513,
    0.0010000000474974513,
    0.0010000000474974513,
    0.0010000000474974513,
    0.0010000000474974513,
    0.0005000000237487257,
    0.0005000000237487257,
    0.0005000000237487257,
    0.0005000000237487257,
    0.0005000000237487257,
    0.0005000000237487257
  ]
}