{
  "loss": [
    0.607530951499939,
    0.4943508505821228,
    0.4802752137184143,
    0.4618968963623047,
    0.44701170921325684,
    0.4346626400947571,
    0.42642828822135925,
    0.4198117256164551,
    0.4137550890445709,
    0.3924030661582947,
    0.39167484641075134,
    0.3866163492202759,
    0.38303351402282715,
    0.3766940236091614,
    0.37608087062835693
  ],
  "r2": [
    -84.7437973022461,
    -94.0694808959961,
    -95.10099029541016,
    -95.96405792236328,
    -97.1104736328125,
    -97.74311065673828,
    -98.35285949707031,
    -98.75318145751953,
    -99.06736755371094,
    -100.11386108398438,
    -100.34679412841797,
    -100.69268035888672,
    -101.00440216064453,
    -101.2715835571289,
    -101.49610137939453
  ],
  "rmse": [
    0.7794427275657654,
    0.703100860118866,
    0.693018913269043,
    0.6796299815177917,
    0.6685893535614014,
    0.6592894792556763,
    0.6530147790908813,
    0.647928774356842,
    0.6432379484176636,
    0.6264208555221558,
    0.6258392930030823,
    0.6217848062515259,
    0.618897020816803,
    0.6137540340423584,
    0.6132543087005615
  ],
  "val_loss": [
    0.5518679618835449,
    0.5444200038909912,
    0.5205752849578857,
    0.5508503913879395,
    0.5303405523300171,
    0.5355607867240906,
    0.5388008952140808,
    0.5469354391098022,
    0.5654991269111633,
    0.5691913366317749,
    0.5559051632881165,
    0.5602557063102722,
    0.5544940829277039,
    0.5852982997894287,
    0.5577379465103149
  ],
  "val_r2": [
    -45.89917755126953,
    -45.24039840698242,
    -43.97797393798828,
    -46.200592041015625,
    -45.89951705932617,
    -45.42344665527344,
    -45.161277770996094,
    -46.943817138671875,
    -47.11153030395508,
    -47.127132415771484,
    -46.80842971801758,
    -46.50032043457031,
    -46.602745056152344,
    -48.2095947265625,
    -46.08299255371094
  ],
  "val_rmse": [
    0.7428781390190125,
    0.7378482222557068,
    0.7215090394020081,
    0.7421929836273193,
    0.7282448410987854,
    0.7318201661109924,
    0.7340306043624878,
    0.7395508289337158,
    0.7519967555999756,
    0.7544476985931396,
    0.7455904483795166,
    0.7485023140907288,
    0.7446436285972595,
    0.7650479078292847,
    0.7468185424804688
  ],
  "learning_rate": [
    9.999999747378752e-05,
    9.999999747378752e-05,
    9.999999747378752e-05,
    9.999999747378752e-05,
    9.999999747378752e-05,
    9.999999747378752e-05,
    9.999999747378752e-05,
    9.999999747378752e-05,
    9.999999747378752e-05,
    4.999999873689376e-05,
    4.999999873689376e-05,
    4.999999873689376e-05,
    4.999999873689376e-05,
    4.999999873689376e-05,
    4.999999873689376e-05
  ]
}