{
  "loss": [
    0.6321606040000916,
    0.49570271372795105,
    0.4514671862125397,
    0.42321959137916565,
    0.40355727076530457,
    0.37930482625961304,
    0.36660662293434143,
    0.3546878397464752,
    0.3425431549549103,
    0.3395727276802063,
    0.3403659760951996,
    0.33321940898895264,
    0.3304101824760437,
    0.32680559158325195
  ],
  "r2": [
    -82.0587158203125,
    -92.4103775024414,
    -95.27986145019531,
    -97.33927154541016,
    -99.18785095214844,
    -100.63190460205078,
    -101.50579833984375,
    -102.11085510253906,
    -103.06364440917969,
    -103.49095916748047,
    -103.22781372070312,
    -103.93572998046875,
    -104.0122299194336,
    -104.17965698242188
  ],
  "rmse": [
    0.7950853109359741,
    0.7040615677833557,
    0.6719130873680115,
    0.650553286075592,
    0.635261595249176,
    0.6158772706985474,
    0.6054804921150208,
    0.5955567359924316,
    0.5852718353271484,
    0.5827286839485168,
    0.5834088921546936,
    0.5772516131401062,
    0.574813187122345,
    0.5716691017150879
  ],
  "val_loss": [
    0.5148959159851074,
    0.46457621455192566,
    0.4314415156841278,
    0.4076862037181854,
    0.3832518458366394,
    0.37692713737487793,
    0.3610977828502655,
    0.3619164824485779,
    0.350818395614624,
    0.3500206470489502,
    0.35102349519729614,
    0.35284513235092163,
    0.3474790155887604,
    0.3488636016845703
  ],
  "val_r2": [
    -55.66426467895508,
    -55.1209831237793,
    -60.23583984375,
    -60.09516525268555,
    -59.72738265991211,
    -60.880245208740234,
    -59.10943603515625,
    -65.15349578857422,
    -62.00492858886719,
    -62.012874603271484,
    -61.85328674316406,
    -63.391822814941406,
    -62.52787399291992,
    -63.263343811035156
  ],
  "val_rmse": [
    0.7175624966621399,
    0.6815983057022095,
    0.656842052936554,
    0.6385030746459961,
    0.6190733313560486,
    0.6139439344406128,
    0.6009141206741333,
    0.6015949249267578,
    0.592299222946167,
    0.591625452041626,
    0.5924723744392395,
    0.594007670879364,
    0.5894734859466553,
    0.5906467437744141
  ],
  "learning_rate": [
    9.999999747378752e-05,
    9.999999747378752e-05,
    9.999999747378752e-05,
    9.999999747378752e-05,
    9.999999747378752e-05,
    9.999999747378752e-05,
    9.999999747378752e-05,
    9.999999747378752e-05,
    4.999999873689376e-05,
    4.999999873689376e-05,
    4.999999873689376e-05,
    4.999999873689376e-05,
    4.999999873689376e-05,
    4.999999873689376e-05
  ]
}