{
  "loss": [
    0.6312265396118164,
    0.49495697021484375,
    0.4514493942260742,
    0.423520028591156,
    0.4040133059024811,
    0.3799033761024475,
    0.3669686019420624,
    0.35475239157676697,
    0.3421500325202942,
    0.3393125832080841,
    0.33968299627304077,
    0.3336268365383148,
    0.33041998744010925,
    0.32614684104919434
  ],
  "r2": [
    -82.07630157470703,
    -92.451416015625,
    -95.30828094482422,
    -97.3193130493164,
    -99.20830535888672,
    -100.64016723632812,
    -101.4846420288086,
    -102.12870025634766,
    -103.07030487060547,
    -103.5491714477539,
    -103.29132080078125,
    -104.01081085205078,
    -104.03966522216797,
    -104.21063995361328
  ],
  "rmse": [
    0.7944976687431335,
    0.703531801700592,
    0.6718997955322266,
    0.6507841348648071,
    0.6356204152107239,
    0.616362988948822,
    0.6057793498039246,
    0.5956109166145325,
    0.5849359035491943,
    0.582505464553833,
    0.5828233361244202,
    0.5776044130325317,
    0.5748217105865479,
    0.5710926651954651
  ],
  "val_loss": [
    0.5127317905426025,
    0.4625069499015808,
    0.43253570795059204,
    0.4070049822330475,
    0.3834267854690552,
    0.37557634711265564,
    0.36231574416160583,
    0.35849905014038086,
    0.3498291075229645,
    0.3495967388153076,
    0.35048791766166687,
    0.35054370760917664,
    0.34797343611717224,
    0.3495122790336609
  ],
  "val_r2": [
    -55.66640853881836,
    -54.83195495605469,
    -60.17708969116211,
    -59.95643997192383,
    -59.64890670776367,
    -60.548667907714844,
    -59.04955291748047,
    -64.35758972167969,
    -61.86784744262695,
    -61.50390625,
    -61.43677520751953,
    -62.489479064941406,
    -62.14392852783203,
    -62.34086990356445
  ],
  "val_rmse": [
    0.7160528898239136,
    0.6800786256790161,
    0.6576744318008423,
    0.6379693746566772,
    0.619214653968811,
    0.6128427982330322,
    0.6019266843795776,
    0.5987479090690613,
    0.5914635062217712,
    0.5912670493125916,
    0.5920202136039734,
    0.592067301273346,
    0.5898927450180054,
    0.5911956429481506
  ],
  "learning_rate": [
    9.999999747378752e-05,
    9.999999747378752e-05,
    9.999999747378752e-05,
    9.999999747378752e-05,
    9.999999747378752e-05,
    9.999999747378752e-05,
    9.999999747378752e-05,
    9.999999747378752e-05,
    4.999999873689376e-05,
    4.999999873689376e-05,
    4.999999873689376e-05,
    4.999999873689376e-05,
    4.999999873689376e-05,
    4.999999873689376e-05
  ]
}