feature,importance,std
SAB-RAME__PM2.5,0.07624876499176025,0.0
MED-ARAN__PM2.5,0.06268167495727539,0.0
MED-BEME__PM2.5,0.0414544939994812,0.0
hour_sin,0.03265488147735596,0.0
doy_cos,0.03140062093734741,0.0
hour_cos,0.03099966049194336,0.0
doy_sin,0.026382923126220703,0.0
CAL-JOAR__PM2.5,0.01878201961517334,0.0
CEN-TRAF__PM2.5,0.01639389991760254,0.0
hour,0.01580899953842163,0.0
dayofyear,0.012005448341369629,0.0
month,0.007467746734619141,0.0
dayofweek,0.0026071667671203613,0.0
