{
  "loss": [
    0.46454378962516785,
    0.3830242455005646,
    0.3525623679161072,
    0.3314335346221924,
    0.3160925805568695,
    0.30654090642929077,
    0.2939114570617676,
    0.28834375739097595,
    0.2816685140132904,
    0.2721273601055145,
    0.26919782161712646,
    0.26596349477767944,
    0.2639223337173462,
    0.2624557316303253,
    0.2607279121875763
  ],
  "r2": [
    -93.08827209472656,
    -99.96246337890625,
    -102.35738372802734,
    -103.51354217529297,
    -104.69549560546875,
    -106.18958282470703,
    -106.35879516601562,
    -106.8176040649414,
    -106.98058319091797,
    -107.74149322509766,
    -108.07324981689453,
    -108.25276947021484,
    -108.49977111816406,
    -108.4371566772461,
    -108.50043487548828
  ],
  "rmse": [
    0.6815744638442993,
    0.6188895106315613,
    0.5937696099281311,
    0.5757026672363281,
    0.562221109867096,
    0.5536613464355469,
    0.542136013507843,
    0.5369765162467957,
    0.5307245254516602,
    0.5216583013534546,
    0.5188427567481995,
    0.5157164931297302,
    0.5137336850166321,
    0.5123043060302734,
    0.5106152296066284
  ],
  "val_loss": [
    0.3945261240005493,
    0.37659165263175964,
    0.3417089283466339,
    0.3530130386352539,
    0.355581134557724,
    0.35020825266838074,
    0.35744112730026245,
    0.3405267000198364,
    0.3444274663925171,
    0.34833621978759766,
    0.34111204743385315,
    0.33070534467697144,
    0.3325161635875702,
    0.3491925001144409,
    0.326106458902359
  ],
  "val_r2": [
    -40.46834945678711,
    -40.11259841918945,
    -39.0297966003418,
    -40.58745193481445,
    -42.12540054321289,
    -41.87290954589844,
    -42.37400817871094,
    -42.964847564697266,
    -42.6060676574707,
    -42.64111328125,
    -43.99758529663086,
    -41.805728912353516,
    -42.549232482910156,
    -43.213069915771484,
    -42.784881591796875
  ],
  "val_rmse": [
    0.6281131505966187,
    0.6136706471443176,
    0.5845587253570557,
    0.5941489934921265,
    0.5963062047958374,
    0.5917839407920837,
    0.5978637933731079,
    0.5835466384887695,
    0.5868794322013855,
    0.5902001261711121,
    0.5840479731559753,
    0.5750698447227478,
    0.5766421556472778,
    0.5909250974655151,
    0.5710573196411133
  ],
  "learning_rate": [
    9.999999747378752e-05,
    9.999999747378752e-05,
    9.999999747378752e-05,
    9.999999747378752e-05,
    9.999999747378752e-05,
    9.999999747378752e-05,
    9.999999747378752e-05,
    9.999999747378752e-05,
    9.999999747378752e-05,
    4.999999873689376e-05,
    4.999999873689376e-05,
    4.999999873689376e-05,
    4.999999873689376e-05,
    4.999999873689376e-05,
    4.999999873689376e-05
  ]
}