feature,importance,std
hour_cos,0.043020009994506836,0.0
MED-SELE__PM2.5,0.03389763832092285,0.0
doy_cos,0.026202797889709473,0.0
hour_sin,0.02228015661239624,0.0
hour,0.017877578735351562,0.0
COP-CVID__PM2.5,0.012010157108306885,0.0
doy_sin,0.009471416473388672,0.0
CAL-JOAR__PM2.5,0.005403041839599609,0.0
dayofweek,0.0029023289680480957,0.0
month,0.0026330947875976562,0.0
dayofyear,-0.0018881559371948242,0.0
BEL-FEVE__PM2.5,-0.002901136875152588,0.0
SAB-RAME__PM2.5,-0.0039196014404296875,0.0
