{
  "loss": [
    0.5223220586776733,
    0.47141215205192566,
    0.44941937923431396,
    0.43286770582199097,
    0.4197343587875366,
    0.4130539894104004,
    0.40506240725517273,
    0.39364179968833923,
    0.3856339156627655,
    0.3782115578651428,
    0.3770425021648407,
    0.37460121512413025,
    0.3707410991191864,
    0.365705668926239
  ],
  "r2": [
    -90.75975036621094,
    -95.35498809814453,
    -96.7599105834961,
    -97.93364715576172,
    -98.91094207763672,
    -99.14225006103516,
    -99.59201049804688,
    -100.7742691040039,
    -100.77605438232422,
    -101.23827362060547,
    -100.99383544921875,
    -101.61695861816406,
    -101.78095245361328,
    -102.05554962158203
  ],
  "rmse": [
    0.7227185368537903,
    0.6865946054458618,
    0.6703874468803406,
    0.6579267978668213,
    0.6478691101074219,
    0.6426927447319031,
    0.636445164680481,
    0.6274088025093079,
    0.6209942698478699,
    0.6149890422821045,
    0.6140378713607788,
    0.6120467185974121,
    0.6088851094245911,
    0.6047360301017761
  ],
  "val_loss": [
    0.44831380248069763,
    0.4248178005218506,
    0.4024055600166321,
    0.40220388770103455,
    0.43449923396110535,
    0.4313047230243683,
    0.42880958318710327,
    0.4866986870765686,
    0.4249822497367859,
    0.4142414629459381,
    0.42184194922447205,
    0.4369441568851471,
    0.44404348731040955,
    0.43252599239349365
  ],
  "val_r2": [
    -40.46193313598633,
    -39.33302307128906,
    -39.683860778808594,
    -39.46476364135742,
    -41.80052947998047,
    -42.571659088134766,
    -44.25038528442383,
    -47.8656005859375,
    -42.686885833740234,
    -42.821372985839844,
    -43.832523345947266,
    -43.29258728027344,
    -45.30748748779297,
    -42.94464874267578
  ],
  "val_rmse": [
    0.6695623993873596,
    0.6517804861068726,
    0.6343544125556946,
    0.6341954469680786,
    0.6591655611991882,
    0.6567379236221313,
    0.6548355221748352,
    0.6976379156112671,
    0.6519066095352173,
    0.6436159014701843,
    0.6494935750961304,
    0.6610175371170044,
    0.6663658618927002,
    0.6576671004295349
  ],
  "learning_rate": [
    9.999999747378752e-05,
    9.999999747378752e-05,
    9.999999747378752e-05,
    9.999999747378752e-05,
    9.999999747378752e-05,
    9.999999747378752e-05,
    9.999999747378752e-05,
    9.999999747378752e-05,
    4.999999873689376e-05,
    4.999999873689376e-05,
    4.999999873689376e-05,
    4.999999873689376e-05,
    4.999999873689376e-05,
    4.999999873689376e-05
  ]
}