{
  "loss": [
    0.7698659896850586,
    0.5344929099082947,
    0.5004612803459167,
    0.4791231155395508,
    0.45399942994117737,
    0.43821850419044495,
    0.4217052757740021,
    0.4063316583633423,
    0.39056485891342163,
    0.3814657926559448,
    0.36993691325187683,
    0.35571524500846863,
    0.3463284373283386,
    0.3375358581542969,
    0.3315419554710388,
    0.31992319226264954,
    0.3134746253490448,
    0.30745232105255127,
    0.30279213190078735,
    0.29885587096214294,
    0.29479092359542847,
    0.29100301861763,
    0.28908348083496094,
    0.2882552146911621,
    0.283052533864975,
    0.2817156910896301,
    0.2796274423599243,
    0.2758011817932129,
    0.2763693928718567,
    0.272014856338501,
    0.2698192000389099,
    0.27088579535484314,
    0.26671335101127625,
    0.2664836049079895,
    0.26539382338523865
  ],
  "r2": [
    0.4104781150817871,
    0.590714156627655,
    0.6167733073234558,
    0.6331135034561157,
    0.6523516774177551,
    0.6644357442855835,
    0.6770806908607483,
    0.6888530254364014,
    0.7009261846542358,
    0.7078938484191895,
    0.7167223691940308,
    0.7276122570037842,
    0.734800398349762,
    0.7415332198143005,
    0.7461230754852295,
    0.7550199031829834,
    0.7599579691886902,
    0.7645695209503174,
    0.7681381106376648,
    0.7711522579193115,
    0.774264931678772,
    0.7771654725074768,
    0.7786354422569275,
    0.7792695164680481,
    0.78325355052948,
    0.7842772006988525,
    0.7858763933181763,
    0.7888062596321106,
    0.7883711457252502,
    0.7917054891586304,
    0.7933869361877441,
    0.7925702333450317,
    0.7957652807235718,
    0.795941174030304,
    0.7967756986618042
  ],
  "rmse": [
    0.8774200677871704,
    0.7310901880264282,
    0.7074328660964966,
    0.6921871900558472,
    0.6737948060035706,
    0.6619807481765747,
    0.6493883728981018,
    0.6374414563179016,
    0.6249518990516663,
    0.6176291704177856,
    0.6082243323326111,
    0.5964186787605286,
    0.588496744632721,
    0.5809783339500427,
    0.5757967829704285,
    0.5656175017356873,
    0.5598880052566528,
    0.5544838309288025,
    0.5502654910087585,
    0.5466771125793457,
    0.542946457862854,
    0.5394469499588013,
    0.5376648306846619,
    0.5368940234184265,
    0.5320268273353577,
    0.5307689309120178,
    0.5287981033325195,
    0.5251678228378296,
    0.5257084965705872,
    0.5215504169464111,
    0.5194412469863892,
    0.5204669237136841,
    0.5164429545402527,
    0.5162204504013062,
    0.5151638984680176
  ],
  "val_loss": [
    0.6443368792533875,
    0.6276239156723022,
    0.6278438568115234,
    0.6342936158180237,
    0.6230604648590088,
    0.6279735565185547,
    0.6274957656860352,
    0.6233311891555786,
    0.621701717376709,
    0.607913076877594,
    0.586831271648407,
    0.5943573713302612,
    0.5990529656410217,
    0.6001335978507996,
    0.599619448184967,
    0.5869421362876892,
    0.594991147518158,
    0.6031391024589539,
    0.5977106690406799,
    0.5983510613441467,
    0.5891581773757935,
    0.6126566529273987,
    0.582905650138855,
    0.5841659903526306,
    0.5883916616439819,
    0.6080374121665955,
    0.5893365144729614,
    0.6080722212791443,
    0.6039049029350281,
    0.5964807271957397,
    0.5922967791557312,
    0.5941908955574036,
    0.5962277054786682,
    0.6096031069755554,
    0.6047069430351257
  ],
  "val_r2": [
    0.38992756605148315,
    0.4057518243789673,
    0.4055437445640564,
    0.399436891078949,
    0.4100727438926697,
    0.40542083978652954,
    0.40587323904037476,
    0.40981626510620117,
    0.41135913133621216,
    0.4244145154953003,
    0.444375216960907,
    0.4372493624687195,
    0.43280351161956787,
    0.43178045749664307,
    0.4322671890258789,
    0.4442702531814575,
    0.4366493225097656,
    0.42893463373184204,
    0.4340742230415344,
    0.43346792459487915,
    0.442172110080719,
    0.4199231266975403,
    0.44809192419052124,
    0.44689875841140747,
    0.4428977370262146,
    0.4242967963218689,
    0.44200313091278076,
    0.42426377534866333,
    0.42820942401885986,
    0.43523889780044556,
    0.4392004609107971,
    0.4374071955680847,
    0.43547844886779785,
    0.4228143095970154,
    0.42745012044906616
  ],
  "val_rmse": [
    0.8027059435844421,
    0.7922271490097046,
    0.7923659682273865,
    0.7964255213737488,
    0.7893418073654175,
    0.7924478054046631,
    0.7921462655067444,
    0.7895132899284363,
    0.7884806394577026,
    0.7796878218650818,
    0.7660491466522217,
    0.7709457278251648,
    0.7739851474761963,
    0.774682879447937,
    0.7743510007858276,
    0.7661214470863342,
    0.7713567018508911,
    0.7766202688217163,
    0.7731174826622009,
    0.7735315561294556,
    0.7675663828849792,
    0.7827238440513611,
    0.7634825706481934,
    0.7643074989318848,
    0.7670668959617615,
    0.7797675728797913,
    0.7676825523376465,
    0.7797898650169373,
    0.7771131992340088,
    0.7723217010498047,
    0.769608199596405,
    0.7708377838134766,
    0.7721577882766724,
    0.7807708382606506,
    0.7776289582252502
  ],
  "learning_rate": [
    9.999999747378752e-05,
    9.999999747378752e-05,
    9.999999747378752e-05,
    9.999999747378752e-05,
    9.999999747378752e-05,
    9.999999747378752e-05,
    9.999999747378752e-05,
    9.999999747378752e-05,
    9.999999747378752e-05,
    9.999999747378752e-05,
    9.999999747378752e-05,
    9.999999747378752e-05,
    9.999999747378752e-05,
    9.999999747378752e-05,
    9.999999747378752e-05,
    9.999999747378752e-05,
    9.999999747378752e-05,
    4.999999873689376e-05,
    4.999999873689376e-05,
    4.999999873689376e-05,
    4.999999873689376e-05,
    4.999999873689376e-05,
    4.999999873689376e-05,
    4.999999873689376e-05,
    4.999999873689376e-05,
    4.999999873689376e-05,
    4.999999873689376e-05,
    4.999999873689376e-05,
    4.999999873689376e-05,
    2.499999936844688e-05,
    2.499999936844688e-05,
    2.499999936844688e-05,
    2.499999936844688e-05,
    2.499999936844688e-05,
    2.499999936844688e-05
  ]
}