{
  "loss": [
    0.5223221182823181,
    0.47141221165657043,
    0.4494195878505707,
    0.43286755681037903,
    0.41973385214805603,
    0.4130539298057556,
    0.4050615429878235,
    0.3936406672000885,
    0.38563403487205505,
    0.3782117962837219,
    0.3770427703857422,
    0.3745999336242676,
    0.37074014544487,
    0.365704208612442
  ],
  "r2": [
    -90.75975036621094,
    -95.35498809814453,
    -96.7599105834961,
    -97.93359375,
    -98.91097259521484,
    -99.14219665527344,
    -99.59195709228516,
    -100.7743911743164,
    -100.77599334716797,
    -101.23827362060547,
    -100.9937744140625,
    -101.61708068847656,
    -101.78097534179688,
    -102.05567932128906
  ],
  "rmse": [
    0.7227185964584351,
    0.6865946650505066,
    0.6703876256942749,
    0.6579266786575317,
    0.6478686928749084,
    0.6426926851272583,
    0.6364444494247437,
    0.6274079084396362,
    0.6209943890571594,
    0.6149892807006836,
    0.6140380501747131,
    0.6120457053184509,
    0.608884334564209,
    0.6047348380088806
  ],
  "val_loss": [
    0.44831493496894836,
    0.42481523752212524,
    0.4024043381214142,
    0.4022066295146942,
    0.4345058500766754,
    0.4313042461872101,
    0.428812712430954,
    0.48671963810920715,
    0.42498329281806946,
    0.4142352044582367,
    0.4218446910381317,
    0.43695470690727234,
    0.44404444098472595,
    0.43253645300865173
  ],
  "val_r2": [
    -40.46213150024414,
    -39.33287048339844,
    -39.683773040771484,
    -39.46479415893555,
    -41.80076217651367,
    -42.57147979736328,
    -44.250770568847656,
    -47.86702346801758,
    -42.687252044677734,
    -42.82047653198242,
    -43.83320236206055,
    -43.293155670166016,
    -45.30754470825195,
    -42.94564437866211
  ],
  "val_rmse": [
    0.6695632338523865,
    0.651778519153595,
    0.6343534588813782,
    0.6341976523399353,
    0.6591705679893494,
    0.6567375659942627,
    0.6548379063606262,
    0.6976529359817505,
    0.6519074440002441,
    0.6436110734939575,
    0.6494957208633423,
    0.6610255241394043,
    0.6663665771484375,
    0.65767502784729
  ],
  "learning_rate": [
    9.999999747378752e-05,
    9.999999747378752e-05,
    9.999999747378752e-05,
    9.999999747378752e-05,
    9.999999747378752e-05,
    9.999999747378752e-05,
    9.999999747378752e-05,
    9.999999747378752e-05,
    4.999999873689376e-05,
    4.999999873689376e-05,
    4.999999873689376e-05,
    4.999999873689376e-05,
    4.999999873689376e-05,
    4.999999873689376e-05
  ]
}