{
  "loss": [
    0.4943760335445404,
    0.4152371287345886,
    0.3825739324092865,
    0.35603684186935425,
    0.3310270309448242,
    0.3001100718975067,
    0.2767900824546814,
    0.25689035654067993,
    0.24464276432991028,
    0.22899280488491058,
    0.21662437915802002,
    0.1940441131591797,
    0.20147542655467987,
    0.18250983953475952,
    0.1771136075258255,
    0.17139369249343872
  ],
  "r2": [
    -190.9797821044922,
    -200.92149353027344,
    -204.90728759765625,
    -208.83885192871094,
    -211.8158721923828,
    -215.05992126464844,
    -218.4453887939453,
    -220.8052520751953,
    -222.55323791503906,
    -224.6127471923828,
    -224.3828582763672,
    -228.8111114501953,
    -226.2929229736328,
    -229.50160217285156,
    -231.18667602539062,
    -230.96815490722656
  ],
  "rmse": [
    0.7031188011169434,
    0.6443889737129211,
    0.6185256242752075,
    0.5966882109642029,
    0.5753494501113892,
    0.5478230118751526,
    0.52610844373703,
    0.5068435072898865,
    0.49461373686790466,
    0.47853192687034607,
    0.46542924642562866,
    0.44050437211990356,
    0.44886013865470886,
    0.4272117018699646,
    0.42084866762161255,
    0.41399720311164856
  ],
  "val_loss": [
    0.48495718836784363,
    0.47593915462493896,
    0.4115241467952728,
    0.4386596083641052,
    0.44381216168403625,
    0.5313871502876282,
    0.5174541473388672,
    0.6776329278945923,
    0.5384494066238403,
    0.5115795731544495,
    0.564630389213562,
    0.5308040380477905,
    0.5529338121414185,
    0.6009318232536316,
    0.5799963474273682,
    0.5676723718643188
  ],
  "val_r2": [
    -99.60183715820312,
    -97.75669860839844,
    -94.50072479248047,
    -85.243408203125,
    -92.13372039794922,
    -109.44002532958984,
    -109.37242126464844,
    -133.6701202392578,
    -110.54592895507812,
    -105.46439361572266,
    -116.70870971679688,
    -108.08065795898438,
    -111.70535278320312,
    -119.11763763427734,
    -117.47183227539062,
    -111.59284210205078
  ],
  "val_rmse": [
    0.6963886618614197,
    0.6898834705352783,
    0.6415014863014221,
    0.6623138189315796,
    0.6661922931671143,
    0.7289630770683289,
    0.719342827796936,
    0.823184609413147,
    0.7337911128997803,
    0.7152478694915771,
    0.7514188885688782,
    0.7285630106925964,
    0.7435951828956604,
    0.7751979231834412,
    0.7615748643875122,
    0.7534403800964355
  ],
  "learning_rate": [
    0.0010000000474974513,
    0.0010000000474974513,
    0.0010000000474974513,
    0.0010000000474974513,
    0.0010000000474974513,
    0.0010000000474974513,
    0.0010000000474974513,
    0.0010000000474974513,
    0.0010000000474974513,
    0.0010000000474974513,
    0.0005000000237487257,
    0.0005000000237487257,
    0.0005000000237487257,
    0.0005000000237487257,
    0.0005000000237487257,
    0.0005000000237487257
  ]
}