{
  "loss": [
    0.6801179647445679,
    0.5908080339431763,
    0.5655637979507446,
    0.5490056872367859,
    0.538281261920929,
    0.5287993550300598,
    0.5214954614639282,
    0.5037398934364319,
    0.5000631809234619,
    0.4941538870334625,
    0.4885532557964325,
    0.48277342319488525,
    0.4788958728313446
  ],
  "r2": [
    -80.52828979492188,
    -87.46790313720703,
    -89.81241607666016,
    -90.48644256591797,
    -91.47574615478516,
    -92.06627655029297,
    -92.2629165649414,
    -93.09220123291016,
    -93.58063507080078,
    -93.77095031738281,
    -94.47637939453125,
    -94.43360137939453,
    -94.8559799194336
  ],
  "rmse": [
    0.8246926665306091,
    0.768640398979187,
    0.7520397305488586,
    0.7409491539001465,
    0.733676552772522,
    0.7271859049797058,
    0.7221464514732361,
    0.7097463607788086,
    0.7071514129638672,
    0.7029607892036438,
    0.698965847492218,
    0.6948189735412598,
    0.6920230388641357
  ],
  "val_loss": [
    0.5878900289535522,
    0.566364586353302,
    0.5575659871101379,
    0.5639097094535828,
    0.552162230014801,
    0.5478500723838806,
    0.5534158945083618,
    0.5530719757080078,
    0.5707712769508362,
    0.5985405445098877,
    0.5651341676712036,
    0.5884600281715393,
    0.588815450668335
  ],
  "val_r2": [
    -54.91030502319336,
    -60.94683837890625,
    -59.54975509643555,
    -61.52898025512695,
    -59.4972038269043,
    -58.19880294799805,
    -60.41984176635742,
    -59.955810546875,
    -62.48455047607422,
    -64.59117889404297,
    -60.471961975097656,
    -62.752132415771484,
    -62.960391998291016
  ],
  "val_rmse": [
    0.7667398452758789,
    0.7525719404220581,
    0.7467033863067627,
    0.7509391903877258,
    0.7430762052536011,
    0.7401689291000366,
    0.743919312953949,
    0.7436881065368652,
    0.7554940581321716,
    0.773654043674469,
    0.7517540454864502,
    0.7671114802360535,
    0.7673431038856506
  ],
  "learning_rate": [
    9.999999747378752e-05,
    9.999999747378752e-05,
    9.999999747378752e-05,
    9.999999747378752e-05,
    9.999999747378752e-05,
    9.999999747378752e-05,
    9.999999747378752e-05,
    4.999999873689376e-05,
    4.999999873689376e-05,
    4.999999873689376e-05,
    4.999999873689376e-05,
    4.999999873689376e-05,
    4.999999873689376e-05
  ]
}