feature,importance,std
MED-ARAN__PM2.5,0.08053195476531982,0.0
SAB-RAME__PM2.5,0.04984074831008911,0.0
MED-BEME__PM2.5,0.04186135530471802,0.0
doy_cos,0.04079794883728027,0.0
CAL-JOAR__PM2.5,0.028000712394714355,0.0
hour_cos,0.027674853801727295,0.0
hour_sin,0.02161693572998047,0.0
CEN-TRAF__PM2.5,0.02115345001220703,0.0
doy_sin,0.0115433931350708,0.0
month,0.009575724601745605,0.0
hour,0.008360981941223145,0.0
dayofyear,0.007589101791381836,0.0
dayofweek,0.004809975624084473,0.0
