{
  "loss": [
    0.44928908348083496,
    0.3612419366836548,
    0.3255746364593506,
    0.29783520102500916,
    0.2888859808444977,
    0.2812477946281433,
    0.2750862240791321,
    0.2675923705101013,
    0.2580950856208801,
    0.2570997476577759,
    0.2561320960521698,
    0.2501182556152344,
    0.24839992821216583,
    0.245878666639328
  ],
  "r2": [
    -93.4229507446289,
    -101.23504638671875,
    -103.90221405029297,
    -105.6667251586914,
    -106.79643249511719,
    -107.06143951416016,
    -107.46194458007812,
    -108.16641998291016,
    -108.5639877319336,
    -108.59683227539062,
    -108.77728271484375,
    -109.19731903076172,
    -109.06270599365234,
    -109.88683319091797
  ],
  "rmse": [
    0.6702902913093567,
    0.6010340452194214,
    0.5705914497375488,
    0.5457428097724915,
    0.5374811291694641,
    0.5303279757499695,
    0.5244866013526917,
    0.5172932744026184,
    0.5080305933952332,
    0.5070500373840332,
    0.5060949325561523,
    0.5001182556152344,
    0.4983973503112793,
    0.4958615303039551
  ],
  "val_loss": [
    0.3841667175292969,
    0.34455984830856323,
    0.35519957542419434,
    0.3247219920158386,
    0.36280882358551025,
    0.32273027300834656,
    0.3015972375869751,
    0.3250272870063782,
    0.3405854403972626,
    0.3422854542732239,
    0.34480294585227966,
    0.340238481760025,
    0.33038419485092163,
    0.33073604106903076
  ],
  "val_r2": [
    -40.39348602294922,
    -39.49919509887695,
    -41.72669982910156,
    -41.18571090698242,
    -42.47631072998047,
    -41.05745315551758,
    -41.87097930908203,
    -42.73305130004883,
    -42.60129165649414,
    -43.51584243774414,
    -43.21027374267578,
    -43.04694366455078,
    -43.6776123046875,
    -43.125423431396484
  ],
  "val_rmse": [
    0.6198118329048157,
    0.5869922041893005,
    0.5959861874580383,
    0.5698438286781311,
    0.6023361086845398,
    0.5680935382843018,
    0.5491786599159241,
    0.5701116323471069,
    0.58359694480896,
    0.5850516557693481,
    0.5871992111206055,
    0.5832996368408203,
    0.5747905373573303,
    0.5750965476036072
  ],
  "learning_rate": [
    9.999999747378752e-05,
    9.999999747378752e-05,
    9.999999747378752e-05,
    9.999999747378752e-05,
    9.999999747378752e-05,
    9.999999747378752e-05,
    9.999999747378752e-05,
    9.999999747378752e-05,
    4.999999873689376e-05,
    4.999999873689376e-05,
    4.999999873689376e-05,
    4.999999873689376e-05,
    4.999999873689376e-05,
    4.999999873689376e-05
  ]
}