{
  "loss": [
    0.7272981405258179,
    0.6385310292243958,
    0.6092106103897095,
    0.5946732759475708,
    0.5779714584350586,
    0.5644212365150452,
    0.5499705672264099,
    0.5377427339553833,
    0.5288364291191101,
    0.5197384357452393,
    0.5134609937667847,
    0.5035051703453064,
    0.5056572556495667
  ],
  "r2": [
    -77.90907287597656,
    -84.6964340209961,
    -87.04781341552734,
    -87.96099853515625,
    -88.96891784667969,
    -90.06965637207031,
    -90.66824340820312,
    -91.29197692871094,
    -92.00224304199219,
    -92.6263427734375,
    -92.63289642333984,
    -93.55155181884766,
    -93.3860855102539
  ],
  "rmse": [
    0.8528177738189697,
    0.7990813851356506,
    0.780519425868988,
    0.7711505889892578,
    0.7602443695068359,
    0.7512797117233276,
    0.741599977016449,
    0.7333094477653503,
    0.7272114157676697,
    0.7209288477897644,
    0.7165619134902954,
    0.7095809578895569,
    0.7110958099365234
  ],
  "val_loss": [
    0.6277852654457092,
    0.6015249490737915,
    0.633597731590271,
    0.7027694582939148,
    0.6647951602935791,
    0.663308322429657,
    0.6500524282455444,
    0.6708393096923828,
    0.6904550790786743,
    0.6848450303077698,
    0.6947245001792908,
    0.6776564121246338,
    0.7239357233047485
  ],
  "val_r2": [
    -56.413970947265625,
    -58.146610260009766,
    -58.87605667114258,
    -64.96867370605469,
    -64.51483917236328,
    -63.068580627441406,
    -62.49732208251953,
    -63.2552490234375,
    -65.0072250366211,
    -66.28894805908203,
    -67.0405044555664,
    -64.66816711425781,
    -68.88003540039062
  ],
  "val_rmse": [
    0.7923290133476257,
    0.7755804061889648,
    0.7959885001182556,
    0.8383134603500366,
    0.8153496980667114,
    0.8144374489784241,
    0.8062582612037659,
    0.8190478086471558,
    0.8309362530708313,
    0.8275536298751831,
    0.8335013389587402,
    0.8231989145278931,
    0.850844144821167
  ],
  "learning_rate": [
    9.999999747378752e-05,
    9.999999747378752e-05,
    9.999999747378752e-05,
    9.999999747378752e-05,
    9.999999747378752e-05,
    9.999999747378752e-05,
    9.999999747378752e-05,
    4.999999873689376e-05,
    4.999999873689376e-05,
    4.999999873689376e-05,
    4.999999873689376e-05,
    4.999999873689376e-05,
    4.999999873689376e-05
  ]
}