{
  "loss": [
    0.9530929923057556,
    0.5606616139411926,
    0.5011683702468872,
    0.4718726873397827,
    0.45101040601730347,
    0.44090402126312256,
    0.42775586247444153,
    0.4215226471424103,
    0.4118291735649109,
    0.4045514166355133,
    0.40088751912117004,
    0.39717692136764526,
    0.39119672775268555,
    0.3914259374141693,
    0.38855794072151184
  ],
  "r2": [
    0.270172655582428,
    0.570675790309906,
    0.6162319779396057,
    0.6386651992797852,
    0.6546403169631958,
    0.6623793244361877,
    0.6724473834037781,
    0.6772205829620361,
    0.6846431493759155,
    0.6902162432670593,
    0.6930217146873474,
    0.6958632469177246,
    0.7004424929618835,
    0.7002670764923096,
    0.7024633884429932
  ],
  "rmse": [
    0.9762647151947021,
    0.7487733960151672,
    0.7079324126243591,
    0.6869298815727234,
    0.6715731024742126,
    0.6640059947967529,
    0.6540305018424988,
    0.6492477655410767,
    0.6417391896247864,
    0.6360435485839844,
    0.6331567764282227,
    0.6302197575569153,
    0.625457227230072,
    0.6256403923034668,
    0.6233441233634949
  ],
  "val_loss": [
    0.6631048321723938,
    0.6247765421867371,
    0.5646248459815979,
    0.5881685614585876,
    0.5709415078163147,
    0.5952669382095337,
    0.5804152488708496,
    0.5847994685173035,
    0.6435105204582214,
    0.5716704726219177,
    0.5758258700370789,
    0.6182937026023865,
    0.5884833931922913,
    0.5768265724182129,
    0.5846782922744751
  ],
  "val_r2": [
    0.3721576929092407,
    0.4084476828575134,
    0.4654006361961365,
    0.4431089162826538,
    0.4594199061393738,
    0.43638795614242554,
    0.45045006275177,
    0.4462987780570984,
    0.3907099962234497,
    0.4587298035621643,
    0.4547951817512512,
    0.4145859479904175,
    0.44281071424484253,
    0.45384782552719116,
    0.4464135766029358
  ],
  "val_rmse": [
    0.8143124580383301,
    0.790428102016449,
    0.7514151930809021,
    0.7669215202331543,
    0.7556065917015076,
    0.7715354561805725,
    0.7618498802185059,
    0.7647218108177185,
    0.8021910786628723,
    0.75608891248703,
    0.7588319182395935,
    0.7863165140151978,
    0.767126739025116,
    0.759490966796875,
    0.764642596244812
  ],
  "learning_rate": [
    9.999999747378752e-05,
    9.999999747378752e-05,
    9.999999747378752e-05,
    9.999999747378752e-05,
    9.999999747378752e-05,
    9.999999747378752e-05,
    9.999999747378752e-05,
    9.999999747378752e-05,
    9.999999747378752e-05,
    4.999999873689376e-05,
    4.999999873689376e-05,
    4.999999873689376e-05,
    4.999999873689376e-05,
    4.999999873689376e-05,
    4.999999873689376e-05
  ]
}