{
  "loss": [
    0.5130367875099182,
    0.42751914262771606,
    0.3905348479747772,
    0.36262768507003784,
    0.3404610753059387,
    0.3103095293045044,
    0.28971847891807556,
    0.2506447732448578,
    0.23687271773815155,
    0.22497735917568207,
    0.2212144434452057,
    0.20698170363903046,
    0.20044930279254913
  ],
  "r2": [
    -187.77545166015625,
    -199.26702880859375,
    -203.75587463378906,
    -207.67001342773438,
    -211.10223388671875,
    -213.7761993408203,
    -216.81149291992188,
    -221.84109497070312,
    -222.79734802246094,
    -224.75852966308594,
    -225.79791259765625,
    -227.45457458496094,
    -227.3025360107422
  ],
  "rmse": [
    0.716265857219696,
    0.6538494825363159,
    0.6249278783798218,
    0.6021857261657715,
    0.5834904313087463,
    0.557054340839386,
    0.5382550358772278,
    0.500644326210022,
    0.48669570684432983,
    0.4743177890777588,
    0.47033438086509705,
    0.4549524188041687,
    0.4477156400680542
  ],
  "val_loss": [
    0.43533459305763245,
    0.4928455352783203,
    0.417282372713089,
    0.45158880949020386,
    0.43509650230407715,
    0.5278191566467285,
    0.6646281480789185,
    0.5664342045783997,
    0.5296670198440552,
    0.5012617111206055,
    0.578071117401123,
    0.5350044965744019,
    0.5410590171813965
  ],
  "val_r2": [
    -89.56719207763672,
    -101.28205871582031,
    -93.01580047607422,
    -93.59465789794922,
    -94.68909454345703,
    -112.7517318725586,
    -133.52957153320312,
    -115.67996978759766,
    -110.33710479736328,
    -107.76077270507812,
    -120.2457275390625,
    -108.94883728027344,
    -113.45832061767578
  ],
  "val_rmse": [
    0.6597989201545715,
    0.7020295858383179,
    0.6459739804267883,
    0.6720035672187805,
    0.6596184372901917,
    0.7265116572380066,
    0.8152472972869873,
    0.7526181936264038,
    0.7277822494506836,
    0.7079983353614807,
    0.7603098750114441,
    0.731440007686615,
    0.7355671525001526
  ],
  "learning_rate": [
    0.0010000000474974513,
    0.0010000000474974513,
    0.0010000000474974513,
    0.0010000000474974513,
    0.0010000000474974513,
    0.0010000000474974513,
    0.0010000000474974513,
    0.0005000000237487257,
    0.0005000000237487257,
    0.0005000000237487257,
    0.0005000000237487257,
    0.0005000000237487257,
    0.0005000000237487257
  ]
}