{
  "loss": [
    0.5845323801040649,
    0.4545179009437561,
    0.4340461194515228,
    0.41915425658226013,
    0.40136298537254333,
    0.39164847135543823,
    0.37846091389656067,
    0.3763289451599121,
    0.3588503897190094,
    0.3583596646785736,
    0.345448762178421,
    0.33029359579086304,
    0.3268393576145172,
    0.3228011429309845,
    0.31965282559394836,
    0.31630662083625793,
    0.31242313981056213
  ],
  "r2": [
    -85.9693603515625,
    -96.49691772460938,
    -97.96387481689453,
    -98.83109283447266,
    -100.31879425048828,
    -100.327392578125,
    -101.46123504638672,
    -101.6571273803711,
    -102.27717590332031,
    -103.00142669677734,
    -103.35871887207031,
    -104.34892272949219,
    -104.19779205322266,
    -104.654052734375,
    -105.11376190185547,
    -105.20877075195312,
    -105.57628631591797
  ],
  "rmse": [
    0.7645471692085266,
    0.6741794347763062,
    0.6588217616081238,
    0.6474212408065796,
    0.6335321664810181,
    0.6258182525634766,
    0.6151917576789856,
    0.6134565472602844,
    0.599041223526001,
    0.5986315011978149,
    0.5877488851547241,
    0.5747117400169373,
    0.5716986656188965,
    0.5681558847427368,
    0.5653784871101379,
    0.5624114274978638,
    0.558948278427124
  ],
  "val_loss": [
    0.47086256742477417,
    0.42910516262054443,
    0.43433502316474915,
    0.42223286628723145,
    0.41651514172554016,
    0.4620485305786133,
    0.5557079315185547,
    0.4990048408508301,
    0.43629300594329834,
    0.4757080674171448,
    0.4668387770652771,
    0.47206491231918335,
    0.4932967722415924,
    0.5253148078918457,
    0.5232011079788208,
    0.5504547953605652,
    0.4819905757904053
  ],
  "val_r2": [
    -46.115814208984375,
    -44.510196685791016,
    -45.551002502441406,
    -44.32176971435547,
    -43.06584167480469,
    -47.12473678588867,
    -56.603607177734375,
    -51.75736999511719,
    -46.768516540527344,
    -50.13063049316406,
    -49.690494537353516,
    -47.88444519042969,
    -50.990943908691406,
    -52.09715270996094,
    -52.33941650390625,
    -54.47133255004883,
    -48.99225616455078
  ],
  "val_rmse": [
    0.6861942410469055,
    0.6550611853599548,
    0.6590409874916077,
    0.6497944593429565,
    0.6453798413276672,
    0.6797415018081665,
    0.74545818567276,
    0.7064027190208435,
    0.6605247855186462,
    0.6897159218788147,
    0.6832559704780579,
    0.6870697736740112,
    0.7023508548736572,
    0.7247860431671143,
    0.7233264446258545,
    0.741926372051239,
    0.6942554116249084
  ],
  "learning_rate": [
    9.999999747378752e-05,
    9.999999747378752e-05,
    9.999999747378752e-05,
    9.999999747378752e-05,
    9.999999747378752e-05,
    9.999999747378752e-05,
    9.999999747378752e-05,
    9.999999747378752e-05,
    9.999999747378752e-05,
    9.999999747378752e-05,
    9.999999747378752e-05,
    4.999999873689376e-05,
    4.999999873689376e-05,
    4.999999873689376e-05,
    4.999999873689376e-05,
    4.999999873689376e-05,
    4.999999873689376e-05
  ]
}