{
    "full_model": {
        "rmse_train": 3.0255942344665527,
        "rmse_test": 8.220412254333496,
        "rmse_val": 8.404502868652344,
        "r2_train": 0.946572482585907,
        "r2_test": 0.48896026611328125,
        "r2_val": 0.540063738822937
    },
    "top5_model": {
        "rmse_train": 3.2747554779052734,
        "rmse_test": 8.656929969787598,
        "rmse_val": 8.653597831726074,
        "r2_train": 0.9374104738235474,
        "r2_test": 0.4332451820373535,
        "r2_val": 0.5123963356018066
    },
    "top_5_features": [
        "ITA-CJUS__PM2.5",
        "MED-ARAN__PM2.5",
        "MED-ALTA__PM2.5",
        "CAL-JOAR__PM2.5",
        "COP-CVID__PM2.5"
    ],
    "feature_importances": {
        "BAR-TORR__PM2.5": 0.023840513080358505,
        "COP-CVID__PM2.5": 0.04238323122262955,
        "BEL-FEVE__PM2.5": 0.02496405318379402,
        "MED-ARAN__PM2.5": 0.1928139626979828,
        "MED-SCRI__PM2.5": 0.025272894650697708,
        "MED-VILL__PM2.5": 0.020437972620129585,
        "CEN-TRAF__PM2.5": 0.020463664084672928,
        "MED-SELE__PM2.5": 0.02510114200413227,
        "MED-ALTA__PM2.5": 0.07040848582983017,
        "MED-TESO__PM2.5": 0.020794764161109924,
        "ITA-CJUS__PM2.5": 0.3387546241283417,
        "MED-LAYE__PM2.5": 0.022429607808589935,
        "ITA-CONC__PM2.5": 0.022046320140361786,
        "ENV-HOSP__PM2.5": 0.03231959044933319,
        "EST-HOSP__PM2.5": 0.03815805912017822,
        "SAB-RAME__PM2.5": 0.03442106023430824,
        "CAL-JOAR__PM2.5": 0.04539010673761368
    }
}