{
    "full_model": {
        "rmse_train": 2.3669381141662598,
        "rmse_test": 6.062618732452393,
        "rmse_val": 7.398787975311279,
        "r2_train": 0.9560418725013733,
        "r2_test": 0.5918351411819458,
        "r2_val": 0.624181866645813
    },
    "top5_model": {
        "rmse_train": 2.5519909858703613,
        "rmse_test": 6.338175296783447,
        "rmse_val": 7.829836845397949,
        "r2_train": 0.9488996863365173,
        "r2_test": 0.5538884401321411,
        "r2_val": 0.5791164636611938
    },
    "top_5_features": [
        "MED-VILL__PM2.5",
        "MED-BEME__PM2.5",
        "MED-ARAN__PM2.5",
        "MED-SCRI__PM2.5",
        "SAB-RAME__PM2.5"
    ],
    "feature_importances": {
        "BAR-TORR__PM2.5": 0.018345408141613007,
        "COP-CVID__PM2.5": 0.01601303182542324,
        "BEL-FEVE__PM2.5": 0.021256953477859497,
        "MED-ARAN__PM2.5": 0.09276615083217621,
        "MED-SCRI__PM2.5": 0.07711498439311981,
        "MED-VILL__PM2.5": 0.28314438462257385,
        "CEN-TRAF__PM2.5": 0.033306628465652466,
        "MED-BEME__PM2.5": 0.1506158709526062,
        "MED-SELE__PM2.5": 0.01733236573636532,
        "MED-TESO__PM2.5": 0.036566510796546936,
        "ITA-CJUS__PM2.5": 0.02965002879500389,
        "MED-LAYE__PM2.5": 0.01538925152271986,
        "ITA-CONC__PM2.5": 0.0251359511166811,
        "ENV-HOSP__PM2.5": 0.024307552725076675,
        "EST-HOSP__PM2.5": 0.048828769475221634,
        "SAB-RAME__PM2.5": 0.07218759506940842,
        "CAL-JOAR__PM2.5": 0.038038499653339386
    }
}