{
    "full_model": {
        "rmse_train": 1.9562950134277344,
        "rmse_test": 6.374462127685547,
        "rmse_val": 5.386688709259033,
        "r2_train": 0.9688935875892639,
        "r2_test": 0.6127046942710876,
        "r2_val": 0.7645978331565857
    },
    "top5_model": {
        "rmse_train": 2.160381555557251,
        "rmse_test": 6.679659366607666,
        "rmse_val": 5.699499130249023,
        "r2_train": 0.962064802646637,
        "r2_test": 0.5747308731079102,
        "r2_val": 0.7364639043807983
    },
    "top_5_features": [
        "ENV-HOSP__PM2.5",
        "MED-TESO__PM2.5",
        "EST-HOSP__PM2.5",
        "CAL-JOAR__PM2.5",
        "ITA-CONC__PM2.5"
    ],
    "feature_importances": {
        "BAR-TORR__PM2.5": 0.01583893783390522,
        "COP-CVID__PM2.5": 0.012446152977645397,
        "BEL-FEVE__PM2.5": 0.011575324460864067,
        "MED-ARAN__PM2.5": 0.013100190088152885,
        "MED-SCRI__PM2.5": 0.011808773502707481,
        "MED-VILL__PM2.5": 0.014944595284759998,
        "CEN-TRAF__PM2.5": 0.015819869935512543,
        "MED-BEME__PM2.5": 0.015249043703079224,
        "MED-SELE__PM2.5": 0.013459468260407448,
        "MED-ALTA__PM2.5": 0.020639339461922646,
        "MED-TESO__PM2.5": 0.11008170247077942,
        "ITA-CJUS__PM2.5": 0.019219499081373215,
        "MED-LAYE__PM2.5": 0.013218244537711143,
        "ITA-CONC__PM2.5": 0.041026342660188675,
        "ENV-HOSP__PM2.5": 0.5373631119728088,
        "EST-HOSP__PM2.5": 0.07267352193593979,
        "CAL-JOAR__PM2.5": 0.06153593212366104
    }
}