{
    "full_model": {
        "rmse_train": 1.6930512189865112,
        "rmse_test": 4.96613883972168,
        "rmse_val": 4.776218891143799,
        "r2_train": 0.9730152487754822,
        "r2_test": 0.6599794626235962,
        "r2_val": 0.7532227039337158
    },
    "top5_model": {
        "rmse_train": 1.8400490283966064,
        "rmse_test": 5.155298233032227,
        "rmse_val": 4.943197250366211,
        "r2_train": 0.9681259989738464,
        "r2_test": 0.6335834860801697,
        "r2_val": 0.7356662154197693
    },
    "top_5_features": [
        "MED-TESO__PM2.5",
        "SAB-RAME__PM2.5",
        "MED-LAYE__PM2.5",
        "CAL-JOAR__PM2.5",
        "EST-HOSP__PM2.5"
    ],
    "feature_importances": {
        "BAR-TORR__PM2.5": 0.009977384470403194,
        "COP-CVID__PM2.5": 0.009632482193410397,
        "BEL-FEVE__PM2.5": 0.01093194168061018,
        "MED-ARAN__PM2.5": 0.00968057569116354,
        "MED-SCRI__PM2.5": 0.011907646432518959,
        "MED-VILL__PM2.5": 0.012249271385371685,
        "CEN-TRAF__PM2.5": 0.009943777695298195,
        "MED-BEME__PM2.5": 0.012642006389796734,
        "MED-SELE__PM2.5": 0.012558485381305218,
        "MED-ALTA__PM2.5": 0.013072555884718895,
        "MED-TESO__PM2.5": 0.7035138607025146,
        "ITA-CJUS__PM2.5": 0.013375135138630867,
        "MED-LAYE__PM2.5": 0.035089004784822464,
        "ITA-CONC__PM2.5": 0.012339982204139233,
        "EST-HOSP__PM2.5": 0.018541978672146797,
        "SAB-RAME__PM2.5": 0.07676272839307785,
        "CAL-JOAR__PM2.5": 0.027781127020716667
    }
}