{
    "full_model": {
        "rmse_train": 1.7181801795959473,
        "rmse_test": 4.907962799072266,
        "rmse_val": 4.695697784423828,
        "r2_train": 0.9706910848617554,
        "r2_test": 0.6030622720718384,
        "r2_val": 0.7381191849708557
    },
    "top5_model": {
        "rmse_train": 1.9099562168121338,
        "rmse_test": 5.064626693725586,
        "rmse_val": 4.877797603607178,
        "r2_train": 0.963783323764801,
        "r2_test": 0.5773169994354248,
        "r2_val": 0.7174137830734253
    },
    "top_5_features": [
        "COP-CVID__PM2.5",
        "MED-ARAN__PM2.5",
        "MED-SCRI__PM2.5",
        "BAR-TORR__PM2.5",
        "CAL-JOAR__PM2.5"
    ],
    "feature_importances": {
        "BAR-TORR__PM2.5": 0.02597438544034958,
        "COP-CVID__PM2.5": 0.5844895243644714,
        "MED-ARAN__PM2.5": 0.16029521822929382,
        "MED-SCRI__PM2.5": 0.043229229748249054,
        "MED-VILL__PM2.5": 0.016348594799637794,
        "CEN-TRAF__PM2.5": 0.010367481037974358,
        "MED-BEME__PM2.5": 0.014351338148117065,
        "MED-SELE__PM2.5": 0.012831689789891243,
        "MED-ALTA__PM2.5": 0.014229978434741497,
        "MED-TESO__PM2.5": 0.013887579552829266,
        "ITA-CJUS__PM2.5": 0.010030699893832207,
        "MED-LAYE__PM2.5": 0.011406662873923779,
        "ITA-CONC__PM2.5": 0.011137017980217934,
        "ENV-HOSP__PM2.5": 0.015019213780760765,
        "EST-HOSP__PM2.5": 0.014544220641255379,
        "SAB-RAME__PM2.5": 0.018172720447182655,
        "CAL-JOAR__PM2.5": 0.0236845463514328
    }
}