{
    "full_model": {
        "rmse_train": 1.884657621383667,
        "rmse_test": 5.649623394012451,
        "rmse_val": 6.271664619445801,
        "r2_train": 0.9688137173652649,
        "r2_test": 0.6347570419311523,
        "r2_val": 0.6192123889923096
    },
    "top5_model": {
        "rmse_train": 2.1040682792663574,
        "rmse_test": 5.89660120010376,
        "rmse_val": 6.711846351623535,
        "r2_train": 0.9611296057701111,
        "r2_test": 0.6021252274513245,
        "r2_val": 0.5638848543167114
    },
    "top_5_features": [
        "ITA-CONC__PM2.5",
        "SAB-RAME__PM2.5",
        "CAL-JOAR__PM2.5",
        "ENV-HOSP__PM2.5",
        "MED-LAYE__PM2.5"
    ],
    "feature_importances": {
        "BAR-TORR__PM2.5": 0.013436351902782917,
        "COP-CVID__PM2.5": 0.01140606589615345,
        "BEL-FEVE__PM2.5": 0.011546642519533634,
        "MED-ARAN__PM2.5": 0.010686781257390976,
        "MED-SCRI__PM2.5": 0.015528135001659393,
        "MED-VILL__PM2.5": 0.014510349370539188,
        "CEN-TRAF__PM2.5": 0.01072037685662508,
        "MED-BEME__PM2.5": 0.018945882096886635,
        "MED-SELE__PM2.5": 0.014220109209418297,
        "MED-ALTA__PM2.5": 0.020674897357821465,
        "MED-TESO__PM2.5": 0.013851731084287167,
        "ITA-CJUS__PM2.5": 0.014934798702597618,
        "MED-LAYE__PM2.5": 0.022834476083517075,
        "ITA-CONC__PM2.5": 0.6180872321128845,
        "ENV-HOSP__PM2.5": 0.0385144017636776,
        "SAB-RAME__PM2.5": 0.10299592465162277,
        "CAL-JOAR__PM2.5": 0.04710588976740837
    }
}