{
    "full_model": {
        "rmse_train": 2.433232545852661,
        "rmse_test": 6.723674774169922,
        "rmse_val": 6.185110092163086,
        "r2_train": 0.9540136456489563,
        "r2_test": 0.4500458836555481,
        "r2_val": 0.6165691614151001
    },
    "top5_model": {
        "rmse_train": 2.6554040908813477,
        "rmse_test": 7.048624515533447,
        "rmse_val": 6.519191265106201,
        "r2_train": 0.9452324509620667,
        "r2_test": 0.3956037759780884,
        "r2_val": 0.5740294456481934
    },
    "top_5_features": [
        "SAB-RAME__PM2.5",
        "EST-HOSP__PM2.5",
        "ENV-HOSP__PM2.5",
        "COP-CVID__PM2.5",
        "ITA-CONC__PM2.5"
    ],
    "feature_importances": {
        "BAR-TORR__PM2.5": 0.02060350589454174,
        "COP-CVID__PM2.5": 0.044611554592847824,
        "BEL-FEVE__PM2.5": 0.019505472853779793,
        "MED-ARAN__PM2.5": 0.03257819265127182,
        "MED-SCRI__PM2.5": 0.021061554551124573,
        "MED-VILL__PM2.5": 0.02095821313560009,
        "CEN-TRAF__PM2.5": 0.016627386212348938,
        "MED-BEME__PM2.5": 0.02122819423675537,
        "MED-SELE__PM2.5": 0.021014543250203133,
        "MED-ALTA__PM2.5": 0.021082807332277298,
        "MED-TESO__PM2.5": 0.02759626694023609,
        "ITA-CJUS__PM2.5": 0.02604013867676258,
        "MED-LAYE__PM2.5": 0.021661706268787384,
        "ITA-CONC__PM2.5": 0.03764444589614868,
        "ENV-HOSP__PM2.5": 0.0604657381772995,
        "EST-HOSP__PM2.5": 0.08847226202487946,
        "SAB-RAME__PM2.5": 0.4988480806350708
    }
}