{
    "full_model": {
        "rmse_train": 1.7025692462921143,
        "rmse_test": 4.803896427154541,
        "rmse_val": 4.820694923400879,
        "r2_train": 0.9743178486824036,
        "r2_test": 0.6870570182800293,
        "r2_val": 0.7227038145065308
    },
    "top5_model": {
        "rmse_train": 1.8246937990188599,
        "rmse_test": 5.039100170135498,
        "rmse_val": 5.020779132843018,
        "r2_train": 0.9705013632774353,
        "r2_test": 0.6556627750396729,
        "r2_val": 0.699207603931427
    },
    "top_5_features": [
        "EST-HOSP__PM2.5",
        "ITA-CONC__PM10",
        "MED-SCRI__PM2.5",
        "ITA-CJUS__PM2.5",
        "SAB-RAME__PM2.5"
    ],
    "feature_importances": {
        "ITA-CONC__O3": 0.012928520329296589,
        "ITA-CONC__PM10": 0.19279497861862183,
        "BAR-TORR__PM2.5": 0.00850930530577898,
        "COP-CVID__PM2.5": 0.00842735730111599,
        "BEL-FEVE__PM2.5": 0.008253087289631367,
        "MED-ARAN__PM2.5": 0.00853300467133522,
        "MED-SCRI__PM2.5": 0.03325832262635231,
        "MED-VILL__PM2.5": 0.011193896643817425,
        "CEN-TRAF__PM2.5": 0.00795363076031208,
        "MED-BEME__PM2.5": 0.010771217755973339,
        "MED-SELE__PM2.5": 0.010738272219896317,
        "MED-ALTA__PM2.5": 0.010117555968463421,
        "MED-TESO__PM2.5": 0.020031262189149857,
        "ITA-CJUS__PM2.5": 0.02843530662357807,
        "MED-LAYE__PM2.5": 0.010234805755317211,
        "ENV-HOSP__PM2.5": 0.013233078643679619,
        "EST-HOSP__PM2.5": 0.5587315559387207,
        "SAB-RAME__PM2.5": 0.023073885589838028,
        "CAL-JOAR__PM2.5": 0.022780943661928177
    }
}