{
    "full_model": {
        "rmse_train": 2.0172908306121826,
        "rmse_test": 5.740808010101318,
        "rmse_val": 5.158252239227295,
        "r2_train": 0.9562826752662659,
        "r2_test": 0.5148674249649048,
        "r2_val": 0.6749123930931091
    },
    "top5_model": {
        "rmse_train": 2.175018072128296,
        "rmse_test": 6.0203118324279785,
        "rmse_val": 5.520249843597412,
        "r2_train": 0.9491791129112244,
        "r2_test": 0.46647799015045166,
        "r2_val": 0.627683162689209
    },
    "top_5_features": [
        "BEL-FEVE__PM2.5",
        "ITA-CONC__PM2.5",
        "MED-VILL__PM2.5",
        "CAL-JOAR__PM2.5",
        "MED-ALTA__PM2.5"
    ],
    "feature_importances": {
        "BAR-TORR__PM2.5": 0.016801808029413223,
        "COP-CVID__PM2.5": 0.018724730238318443,
        "BEL-FEVE__PM2.5": 0.44048425555229187,
        "MED-ARAN__PM2.5": 0.025977391749620438,
        "MED-VILL__PM2.5": 0.08777675032615662,
        "CEN-TRAF__PM2.5": 0.01454427745193243,
        "MED-BEME__PM2.5": 0.02641153149306774,
        "MED-SELE__PM2.5": 0.028348488733172417,
        "MED-ALTA__PM2.5": 0.033034566789865494,
        "MED-TESO__PM2.5": 0.02684173360466957,
        "ITA-CJUS__PM2.5": 0.018250053748488426,
        "MED-LAYE__PM2.5": 0.019494909793138504,
        "ITA-CONC__PM2.5": 0.1262328326702118,
        "ENV-HOSP__PM2.5": 0.025271348655223846,
        "EST-HOSP__PM2.5": 0.030373791232705116,
        "SAB-RAME__PM2.5": 0.02438516914844513,
        "CAL-JOAR__PM2.5": 0.037046343088150024
    }
}