{
    "full_model": {
        "rmse_train": 1.6511605978012085,
        "rmse_test": 5.546586513519287,
        "rmse_val": 5.17694616317749,
        "r2_train": 0.9745328426361084,
        "r2_test": 0.6192998886108398,
        "r2_val": 0.7376188039779663
    },
    "top5_model": {
        "rmse_train": 1.7881566286087036,
        "rmse_test": 5.730331897735596,
        "rmse_val": 5.459579944610596,
        "r2_train": 0.970131516456604,
        "r2_test": 0.5936587452888489,
        "r2_val": 0.708187460899353
    },
    "top_5_features": [
        "ENV-HOSP__PM2.5",
        "MED-VILL__PM2.5",
        "MED-LAYE__PM2.5",
        "SAB-RAME__PM2.5",
        "CAL-JOAR__PM2.5"
    ],
    "feature_importances": {
        "BAR-TORR__PM2.5": 0.009045030921697617,
        "COP-CVID__PM2.5": 0.01041033398360014,
        "BEL-FEVE__PM2.5": 0.00937642902135849,
        "MED-ARAN__PM2.5": 0.00974542461335659,
        "MED-SCRI__PM2.5": 0.01052122749388218,
        "MED-VILL__PM2.5": 0.09568632394075394,
        "CEN-TRAF__PM2.5": 0.009195270948112011,
        "MED-BEME__PM2.5": 0.011541362851858139,
        "MED-SELE__PM2.5": 0.012283554300665855,
        "MED-ALTA__PM2.5": 0.01515340805053711,
        "ITA-CJUS__PM2.5": 0.012796636670827866,
        "MED-LAYE__PM2.5": 0.03559228032827377,
        "ITA-CONC__PM2.5": 0.011887788772583008,
        "ENV-HOSP__PM2.5": 0.6843929290771484,
        "EST-HOSP__PM2.5": 0.01094813458621502,
        "SAB-RAME__PM2.5": 0.03096136264503002,
        "CAL-JOAR__PM2.5": 0.020462490618228912
    }
}