{
    "full_model": {
        "rmse_train": 1.982762098312378,
        "rmse_test": 5.407802104949951,
        "rmse_val": 5.536285877227783,
        "r2_train": 0.9725881218910217,
        "r2_test": 0.647187352180481,
        "r2_val": 0.6977519989013672
    },
    "top5_model": {
        "rmse_train": 2.1964893341064453,
        "rmse_test": 5.7391180992126465,
        "rmse_val": 5.7410888671875,
        "r2_train": 0.9663599729537964,
        "r2_test": 0.6026319861412048,
        "r2_val": 0.6749763488769531
    },
    "top_5_features": [
        "BEL-FEVE__PM2.5",
        "CEN-TRAF__PM2.5",
        "COP-CVID__PM2.5",
        "ITA-CJUS__PM2.5",
        "MED-VILL__PM2.5"
    ],
    "feature_importances": {
        "BAR-TORR__PM2.5": 0.012890043668448925,
        "COP-CVID__PM2.5": 0.09563647210597992,
        "BEL-FEVE__PM2.5": 0.4960111975669861,
        "MED-SCRI__PM2.5": 0.011444446630775928,
        "MED-VILL__PM2.5": 0.03919285908341408,
        "CEN-TRAF__PM2.5": 0.14197778701782227,
        "MED-BEME__PM2.5": 0.0376952588558197,
        "MED-SELE__PM2.5": 0.011130625382065773,
        "MED-ALTA__PM2.5": 0.014465115033090115,
        "MED-TESO__PM2.5": 0.010212186723947525,
        "ITA-CJUS__PM2.5": 0.03935350105166435,
        "MED-LAYE__PM2.5": 0.011405649594962597,
        "ITA-CONC__PM2.5": 0.009332934394478798,
        "ENV-HOSP__PM2.5": 0.011522816494107246,
        "EST-HOSP__PM2.5": 0.013476537540555,
        "SAB-RAME__PM2.5": 0.017218243330717087,
        "CAL-JOAR__PM2.5": 0.02703438699245453
    }
}