{
    "full_model": {
        "rmse_train": 2.154201030731201,
        "rmse_test": 5.998660087585449,
        "rmse_val": 5.704734802246094,
        "r2_train": 0.9648867845535278,
        "r2_test": 0.5890429615974426,
        "r2_val": 0.6704587936401367
    },
    "top5_model": {
        "rmse_train": 2.3178699016571045,
        "rmse_test": 6.280263423919678,
        "rmse_val": 6.1242265701293945,
        "r2_train": 0.9593485593795776,
        "r2_test": 0.5495530962944031,
        "r2_val": 0.6202119588851929
    },
    "top_5_features": [
        "MED-TESO__PM2.5",
        "MED-ARAN__PM2.5",
        "CEN-TRAF__PM2.5",
        "CAL-JOAR__PM2.5",
        "MED-ALTA__PM2.5"
    ],
    "feature_importances": {
        "BAR-TORR__PM2.5": 0.012001609429717064,
        "COP-CVID__PM2.5": 0.01409913320094347,
        "BEL-FEVE__PM2.5": 0.02214675210416317,
        "MED-ARAN__PM2.5": 0.21042905747890472,
        "MED-SCRI__PM2.5": 0.021367793902754784,
        "CEN-TRAF__PM2.5": 0.02967407926917076,
        "MED-BEME__PM2.5": 0.014170831069350243,
        "MED-SELE__PM2.5": 0.014928434044122696,
        "MED-ALTA__PM2.5": 0.025063440203666687,
        "MED-TESO__PM2.5": 0.5020591616630554,
        "ITA-CJUS__PM2.5": 0.014796611852943897,
        "MED-LAYE__PM2.5": 0.015693355351686478,
        "ITA-CONC__PM2.5": 0.01796763390302658,
        "ENV-HOSP__PM2.5": 0.01753786951303482,
        "EST-HOSP__PM2.5": 0.01661861687898636,
        "SAB-RAME__PM2.5": 0.022641025483608246,
        "CAL-JOAR__PM2.5": 0.02880469150841236
    }
}