{
    "full_model": {
        "rmse_train": 2.0774784088134766,
        "rmse_test": 5.354395389556885,
        "rmse_val": 5.637062072753906,
        "r2_train": 0.9617021679878235,
        "r2_test": 0.47820591926574707,
        "r2_val": 0.6611992120742798
    },
    "top5_model": {
        "rmse_train": 2.255279302597046,
        "rmse_test": 5.586849689483643,
        "rmse_val": 5.924990177154541,
        "r2_train": 0.9548661708831787,
        "r2_test": 0.43191641569137573,
        "r2_val": 0.6257050037384033
    },
    "top_5_features": [
        "COP-CVID__PM2.5",
        "BEL-FEVE__PM2.5",
        "MED-SELE__PM2.5",
        "SAB-RAME__PM2.5",
        "CAL-JOAR__PM2.5"
    ],
    "feature_importances": {
        "COP-CVID__PM2.5": 0.6244921088218689,
        "BEL-FEVE__PM2.5": 0.049932196736335754,
        "MED-ARAN__PM2.5": 0.0247020423412323,
        "MED-SCRI__PM2.5": 0.016144242137670517,
        "MED-VILL__PM2.5": 0.015018693171441555,
        "CEN-TRAF__PM2.5": 0.01706131175160408,
        "MED-BEME__PM2.5": 0.01842976175248623,
        "MED-SELE__PM2.5": 0.04224889725446701,
        "MED-ALTA__PM2.5": 0.018774081021547318,
        "MED-TESO__PM2.5": 0.01730191335082054,
        "ITA-CJUS__PM2.5": 0.015875134617090225,
        "MED-LAYE__PM2.5": 0.014149519614875317,
        "ITA-CONC__PM2.5": 0.014274909161031246,
        "ENV-HOSP__PM2.5": 0.02114979177713394,
        "EST-HOSP__PM2.5": 0.019207989796996117,
        "SAB-RAME__PM2.5": 0.03733176365494728,
        "CAL-JOAR__PM2.5": 0.033905453979969025
    }
}