{
    "full_model": {
        "rmse_train": 1.7815845012664795,
        "rmse_test": 4.752447605133057,
        "rmse_val": 4.71107816696167,
        "r2_train": 0.9708970785140991,
        "r2_test": 0.6156108379364014,
        "r2_val": 0.7361298203468323
    },
    "top5_model": {
        "rmse_train": 1.8992702960968018,
        "rmse_test": 4.911728382110596,
        "rmse_val": 4.8389458656311035,
        "r2_train": 0.9669251441955566,
        "r2_test": 0.589413046836853,
        "r2_val": 0.721611499786377
    },
    "top_5_features": [
        "BEL-FEVE__PM2.5",
        "MED-ARAN__PM2.5",
        "BAR-TORR__PM2.5",
        "CAL-JOAR__PM2.5",
        "MED-BEME__PM2.5"
    ],
    "feature_importances": {
        "BAR-TORR__PM2.5": 0.08248128741979599,
        "BEL-FEVE__PM2.5": 0.6279431581497192,
        "MED-ARAN__PM2.5": 0.09297289699316025,
        "MED-SCRI__PM2.5": 0.011892457492649555,
        "MED-VILL__PM2.5": 0.01187399122864008,
        "CEN-TRAF__PM2.5": 0.011379597708582878,
        "MED-BEME__PM2.5": 0.01985354907810688,
        "MED-SELE__PM2.5": 0.013388538733124733,
        "MED-ALTA__PM2.5": 0.012371201999485493,
        "MED-TESO__PM2.5": 0.01228583138436079,
        "ITA-CJUS__PM2.5": 0.01087418757379055,
        "MED-LAYE__PM2.5": 0.011870302259922028,
        "ITA-CONC__PM2.5": 0.010336591862142086,
        "ENV-HOSP__PM2.5": 0.014478194527328014,
        "EST-HOSP__PM2.5": 0.011767269112169743,
        "SAB-RAME__PM2.5": 0.018391897901892662,
        "CAL-JOAR__PM2.5": 0.025838978588581085
    }
}