{
    "full_model": {
        "rmse_train": 2.258965015411377,
        "rmse_test": 6.051321029663086,
        "rmse_val": 7.2888383865356445,
        "r2_train": 0.9728610515594482,
        "r2_test": 0.7079520225524902,
        "r2_val": 0.6613177061080933
    },
    "top5_model": {
        "rmse_train": 2.395075559616089,
        "rmse_test": 6.264646530151367,
        "rmse_val": 7.715460777282715,
        "r2_train": 0.9694921374320984,
        "r2_test": 0.6869981288909912,
        "r2_val": 0.6205106973648071
    },
    "top_5_features": [
        "MED-ARAN__PM2.5",
        "CEN-TRAF__PM10",
        "MED-VILL__PM2.5",
        "MED-BEME__PM2.5",
        "CAL-JOAR__PM2.5"
    ],
    "feature_importances": {
        "CEN-TRAF__PM10": 0.25295665860176086,
        "BAR-TORR__PM2.5": 0.010182109661400318,
        "COP-CVID__PM2.5": 0.011172343976795673,
        "BEL-FEVE__PM2.5": 0.01141794491559267,
        "MED-ARAN__PM2.5": 0.4956991672515869,
        "MED-SCRI__PM2.5": 0.010389772243797779,
        "MED-VILL__PM2.5": 0.03440546616911888,
        "MED-BEME__PM2.5": 0.023505153134465218,
        "MED-SELE__PM2.5": 0.011004041880369186,
        "MED-ALTA__PM2.5": 0.0162271149456501,
        "MED-TESO__PM2.5": 0.01292629074305296,
        "ITA-CJUS__PM2.5": 0.01764957793056965,
        "MED-LAYE__PM2.5": 0.010714494623243809,
        "ITA-CONC__PM2.5": 0.010084137320518494,
        "ENV-HOSP__PM2.5": 0.013120241463184357,
        "EST-HOSP__PM2.5": 0.013393409550189972,
        "SAB-RAME__PM2.5": 0.02178998664021492,
        "CAL-JOAR__PM2.5": 0.023362036794424057
    }
}