{
    "full_model": {
        "rmse_train": 2.41744327545166,
        "rmse_test": 5.747618675231934,
        "rmse_val": 7.06986665725708,
        "r2_train": 0.9320820569992065,
        "r2_test": 0.2692596912384033,
        "r2_val": 0.4140435457229614
    },
    "top5_model": {
        "rmse_train": 2.6174752712249756,
        "rmse_test": 6.042333126068115,
        "rmse_val": 7.366887092590332,
        "r2_train": 0.920377254486084,
        "r2_test": 0.19239956140518188,
        "r2_val": 0.36377471685409546
    },
    "top_5_features": [
        "BAR-TORR__PM2.5",
        "MED-SCRI__PM2.5",
        "MED-LAYE__PM2.5",
        "CAL-JOAR__PM2.5",
        "MED-TESO__PM2.5"
    ],
    "feature_importances": {
        "BAR-TORR__PM2.5": 0.31313252449035645,
        "COP-CVID__PM2.5": 0.02818598598241806,
        "BEL-FEVE__PM2.5": 0.031825847923755646,
        "MED-ARAN__PM2.5": 0.029734686017036438,
        "MED-SCRI__PM2.5": 0.09813755005598068,
        "MED-VILL__PM2.5": 0.029498063027858734,
        "CEN-TRAF__PM2.5": 0.025323238223791122,
        "MED-BEME__PM2.5": 0.02970755659043789,
        "MED-ALTA__PM2.5": 0.02980443648993969,
        "MED-TESO__PM2.5": 0.05937386676669121,
        "ITA-CJUS__PM2.5": 0.02703777514398098,
        "MED-LAYE__PM2.5": 0.09327626973390579,
        "ITA-CONC__PM2.5": 0.0345238596200943,
        "ENV-HOSP__PM2.5": 0.034128352999687195,
        "EST-HOSP__PM2.5": 0.029277265071868896,
        "SAB-RAME__PM2.5": 0.041049059480428696,
        "CAL-JOAR__PM2.5": 0.06598355621099472
    }
}