{
    "full_model": {
        "rmse_train": 2.5210070610046387,
        "rmse_test": 6.84232759475708,
        "rmse_val": 8.449108123779297,
        "r2_train": 0.9593850374221802,
        "r2_test": 0.5246873497962952,
        "r2_val": 0.2316644787788391
    },
    "top5_model": {
        "rmse_train": 2.8347830772399902,
        "rmse_test": 7.135440349578857,
        "rmse_val": 8.462574005126953,
        "r2_train": 0.9486456513404846,
        "r2_test": 0.4830920100212097,
        "r2_val": 0.2292134165763855
    },
    "top_5_features": [
        "MED-TESO__PM2.5",
        "ENV-HOSP__PM2.5",
        "EST-HOSP__PM2.5",
        "CAL-JOAR__PM2.5",
        "SAB-RAME__PM2.5"
    ],
    "feature_importances": {
        "MED-LAYE__O3": 0.022769715636968613,
        "BAR-TORR__PM2.5": 0.013379530049860477,
        "COP-CVID__PM2.5": 0.01296300534158945,
        "BEL-FEVE__PM2.5": 0.013682697899639606,
        "MED-ARAN__PM2.5": 0.014174586161971092,
        "MED-SCRI__PM2.5": 0.017275242134928703,
        "MED-VILL__PM2.5": 0.0156551580876112,
        "CEN-TRAF__PM2.5": 0.013056090101599693,
        "MED-BEME__PM2.5": 0.016822779551148415,
        "MED-SELE__PM2.5": 0.0230344757437706,
        "MED-ALTA__PM2.5": 0.01628454588353634,
        "MED-TESO__PM2.5": 0.394156813621521,
        "ITA-CJUS__PM2.5": 0.015318437479436398,
        "ITA-CONC__PM2.5": 0.016898510977625847,
        "ENV-HOSP__PM2.5": 0.2993168234825134,
        "EST-HOSP__PM2.5": 0.036536723375320435,
        "SAB-RAME__PM2.5": 0.023733988404273987,
        "CAL-JOAR__PM2.5": 0.03494098037481308
    }
}