{
    "full_model": {
        "rmse_train": 2.429630994796753,
        "rmse_test": 8.601266860961914,
        "rmse_val": 7.256580829620361,
        "r2_train": 0.9637458324432373,
        "r2_test": 0.49128812551498413,
        "r2_val": 0.6312578320503235
    },
    "top5_model": {
        "rmse_train": 2.8410146236419678,
        "rmse_test": 9.211580276489258,
        "rmse_val": 7.91010046005249,
        "r2_train": 0.950429379940033,
        "r2_test": 0.41653430461883545,
        "r2_val": 0.5618500709533691
    },
    "top_5_features": [
        "MED-ARAN__PM2.5",
        "MED-BEME__PM2.5",
        "SAB-RAME__PM2.5",
        "CEN-TRAF__PM2.5",
        "CAL-JOAR__PM2.5"
    ],
    "feature_importances": {
        "ITA-CJUS__DViento_SSR": 0.022730950266122818,
        "ITA-CJUS__HAire10_SSR": 0.010110351257026196,
        "ITA-CJUS__P_SSR": 0.01155701931566,
        "ITA-CJUS__RGlobal_SSR": 0.013807826675474644,
        "ITA-CJUS__TAire10_SSR": 0.010373173281550407,
        "ITA-CJUS__VViento_SSR": 0.024013329297304153,
        "BAR-TORR__PM2.5": 0.012503464706242085,
        "COP-CVID__PM2.5": 0.0131272803992033,
        "BEL-FEVE__PM2.5": 0.011428387835621834,
        "MED-ARAN__PM2.5": 0.355027437210083,
        "MED-SCRI__PM2.5": 0.013232016935944557,
        "MED-VILL__PM2.5": 0.011860150843858719,
        "CEN-TRAF__PM2.5": 0.07074067741632462,
        "MED-BEME__PM2.5": 0.13039812445640564,
        "MED-SELE__PM2.5": 0.012305228039622307,
        "MED-ALTA__PM2.5": 0.018892843276262283,
        "MED-TESO__PM2.5": 0.018310794606804848,
        "MED-LAYE__PM2.5": 0.01148881297558546,
        "ITA-CONC__PM2.5": 0.04653894156217575,
        "ENV-HOSP__PM2.5": 0.03250444307923317,
        "EST-HOSP__PM2.5": 0.01805509440600872,
        "SAB-RAME__PM2.5": 0.08316083252429962,
        "CAL-JOAR__PM2.5": 0.047832973301410675
    }
}