{
  "loss": [
    0.5182011723518372,
    0.41892120242118835,
    0.386767715215683,
    0.36651256680488586,
    0.35523518919944763,
    0.34228721261024475,
    0.32658684253692627,
    0.3124481737613678,
    0.2989645004272461,
    0.2932434380054474,
    0.29020315408706665,
    0.28242620825767517,
    0.27885276079177856,
    0.2786938548088074
  ],
  "r2": [
    -88.90016174316406,
    -98.4242935180664,
    -99.86946868896484,
    -101.27593994140625,
    -102.31053161621094,
    -103.31006622314453,
    -104.11223602294922,
    -104.84114074707031,
    -105.67682647705078,
    -106.06501007080078,
    -106.7102279663086,
    -106.92496490478516,
    -107.21640014648438,
    -107.14507293701172
  ],
  "rmse": [
    0.7198619246482849,
    0.6472412347793579,
    0.6219065189361572,
    0.6054028272628784,
    0.5960161089897156,
    0.5850531458854675,
    0.5714777708053589,
    0.5589706301689148,
    0.5467764735221863,
    0.5415195226669312,
    0.538705050945282,
    0.531437873840332,
    0.5280650854110718,
    0.5279146432876587
  ],
  "val_loss": [
    0.46223828196525574,
    0.4388386011123657,
    0.44119030237197876,
    0.4585040509700775,
    0.441334068775177,
    0.45472368597984314,
    0.4600338339805603,
    0.4562528431415558,
    0.4701245427131653,
    0.47354796528816223,
    0.47035858035087585,
    0.4722374677658081,
    0.482514888048172,
    0.47283828258514404
  ],
  "val_r2": [
    -41.82695007324219,
    -41.34244918823242,
    -42.863773345947266,
    -43.98517608642578,
    -43.4920654296875,
    -44.49677276611328,
    -45.21701431274414,
    -44.70957946777344,
    -45.6233024597168,
    -46.656246185302734,
    -46.156715393066406,
    -46.20164489746094,
    -46.55510330200195,
    -46.13735580444336
  ],
  "val_rmse": [
    0.6798810362815857,
    0.6624489426612854,
    0.6642215847969055,
    0.6771292686462402,
    0.6643297672271729,
    0.6743320226669312,
    0.678257942199707,
    0.6754648685455322,
    0.6856562495231628,
    0.6881482005119324,
    0.6858268976211548,
    0.687195360660553,
    0.694632887840271,
    0.6876323819160461
  ],
  "learning_rate": [
    9.999999747378752e-05,
    9.999999747378752e-05,
    9.999999747378752e-05,
    9.999999747378752e-05,
    9.999999747378752e-05,
    9.999999747378752e-05,
    9.999999747378752e-05,
    9.999999747378752e-05,
    4.999999873689376e-05,
    4.999999873689376e-05,
    4.999999873689376e-05,
    4.999999873689376e-05,
    4.999999873689376e-05,
    4.999999873689376e-05
  ]
}