{
  "loss": [
    3.501985788345337,
    2.408897876739502,
    1.8697824478149414,
    1.5664867162704468,
    1.3696680068969727,
    1.2292590141296387,
    1.1295409202575684,
    1.0534461736679077,
    1.0002864599227905,
    0.950515866279602,
    0.9153228998184204,
    0.8858022093772888,
    0.8526990413665771,
    0.8395452499389648,
    0.8259999752044678,
    0.8122888803482056,
    0.8040502071380615,
    0.7943199276924133
  ],
  "r2": [
    0.06966352462768555,
    0.30440205335617065,
    0.39020103216171265,
    0.4232810139656067,
    0.44296741485595703,
    0.46181899309158325,
    0.4756835103034973,
    0.48902690410614014,
    0.49642348289489746,
    0.5089883804321289,
    0.5159032344818115,
    0.5222499370574951,
    0.5372961759567261,
    0.5411821603775024,
    0.545783519744873,
    0.5509455800056458,
    0.5521432161331177,
    0.5550069808959961
  ],
  "rmse": [
    1.091021180152893,
    0.943392276763916,
    0.8832966089248657,
    0.8590040802955627,
    0.8442156910896301,
    0.8298073410987854,
    0.8190492391586304,
    0.8085601925849915,
    0.8026867508888245,
    0.7926091551780701,
    0.7870079874992371,
    0.7818320989608765,
    0.7694219350814819,
    0.7661845088005066,
    0.7623327970504761,
    0.7579886317253113,
    0.7569770216941833,
    0.7545529007911682
  ],
  "val_loss": [
    2.8240532875061035,
    2.220548152923584,
    1.859473466873169,
    1.6447986364364624,
    1.5008070468902588,
    1.4038993120193481,
    1.3644660711288452,
    1.2940558195114136,
    1.2668182849884033,
    1.2630884647369385,
    1.2337641716003418,
    1.2298427820205688,
    1.2493038177490234,
    1.2362319231033325,
    1.2420588731765747,
    1.2360892295837402,
    1.239772081375122,
    1.245537281036377
  ],
  "val_r2": [
    0.1505439281463623,
    0.1798621416091919,
    0.21027708053588867,
    0.2160695195198059,
    0.21985799074172974,
    0.2203502058982849,
    0.19515067338943481,
    0.2120349407196045,
    0.2031877040863037,
    0.180819571018219,
    0.18569409847259521,
    0.17241770029067993,
    0.148357093334198,
    0.15277987718582153,
    0.14156246185302734,
    0.140639066696167,
    0.1320270299911499,
    0.12205183506011963
  ],
  "val_rmse": [
    0.995145857334137,
    0.9778215885162354,
    0.95951908826828,
    0.9559937119483948,
    0.9536809325218201,
    0.9533801078796387,
    0.9686648845672607,
    0.9584506154060364,
    0.9638163447380066,
    0.9772506356239319,
    0.974338948726654,
    0.9822495579719543,
    0.9964259266853333,
    0.9938352704048157,
    1.0003929138183594,
    1.0009307861328125,
    1.0059335231781006,
    1.01169753074646
  ],
  "learning_rate": [
    9.999999747378752e-05,
    9.999999747378752e-05,
    9.999999747378752e-05,
    9.999999747378752e-05,
    9.999999747378752e-05,
    9.999999747378752e-05,
    9.999999747378752e-05,
    9.999999747378752e-05,
    9.999999747378752e-05,
    9.999999747378752e-05,
    9.999999747378752e-05,
    9.999999747378752e-05,
    4.999999873689376e-05,
    4.999999873689376e-05,
    4.999999873689376e-05,
    4.999999873689376e-05,
    4.999999873689376e-05,
    4.999999873689376e-05
  ]
}