{
  "loss": [
    0.532002866268158,
    0.4404875636100769,
    0.41963499784469604,
    0.40510258078575134,
    0.3899194300174713,
    0.37724265456199646,
    0.36327046155929565,
    0.35914891958236694,
    0.34506380558013916,
    0.3365713655948639,
    0.3267502188682556,
    0.3158627450466156,
    0.30992838740348816,
    0.30803704261779785,
    0.30249670147895813,
    0.3015236258506775,
    0.29575011134147644
  ],
  "r2": [
    -89.85382080078125,
    -97.34632873535156,
    -98.6958999633789,
    -99.69473266601562,
    -101.11134338378906,
    -101.08967590332031,
    -102.12307739257812,
    -102.62295532226562,
    -103.0440902709961,
    -104.12646484375,
    -104.11760711669922,
    -104.67081451416016,
    -104.93257141113281,
    -105.1520004272461,
    -105.73039245605469,
    -105.85750579833984,
    -106.29440307617188
  ],
  "rmse": [
    0.729385256767273,
    0.6636923551559448,
    0.647792398929596,
    0.6364766955375671,
    0.624435305595398,
    0.6142008304595947,
    0.6027191877365112,
    0.5992903709411621,
    0.5874212980270386,
    0.5801476836204529,
    0.5716207027435303,
    0.5620166659355164,
    0.5567120909690857,
    0.5550108551979065,
    0.5499969720840454,
    0.5491116642951965,
    0.5438291430473328
  ],
  "val_loss": [
    0.47907859086990356,
    0.4249638020992279,
    0.4328315854072571,
    0.42748934030532837,
    0.417316734790802,
    0.5075812935829163,
    0.5837018489837646,
    0.5721282362937927,
    0.4836284816265106,
    0.5282785296440125,
    0.4697677195072174,
    0.5148698091506958,
    0.5606421828269958,
    0.5420688390731812,
    0.5641546249389648,
    0.5349990129470825,
    0.4936657249927521
  ],
  "val_r2": [
    -48.537506103515625,
    -45.44615173339844,
    -46.790714263916016,
    -45.63093566894531,
    -42.8484992980957,
    -50.9155158996582,
    -58.55747985839844,
    -57.07174301147461,
    -50.03896713256836,
    -54.40311050415039,
    -49.596126556396484,
    -50.86222457885742,
    -55.59682083129883,
    -52.572059631347656,
    -55.10013198852539,
    -53.22027587890625,
    -49.677696228027344
  ],
  "val_rmse": [
    0.6921550035476685,
    0.6518924832344055,
    0.6578993797302246,
    0.6538267135620117,
    0.6460005640983582,
    0.7124474048614502,
    0.7640038132667542,
    0.7563915848731995,
    0.695434033870697,
    0.7268277406692505,
    0.6853960156440735,
    0.7175443172454834,
    0.748760461807251,
    0.7362532615661621,
    0.7511022686958313,
    0.7314362525939941,
    0.7026134729385376
  ],
  "learning_rate": [
    9.999999747378752e-05,
    9.999999747378752e-05,
    9.999999747378752e-05,
    9.999999747378752e-05,
    9.999999747378752e-05,
    9.999999747378752e-05,
    9.999999747378752e-05,
    9.999999747378752e-05,
    9.999999747378752e-05,
    9.999999747378752e-05,
    9.999999747378752e-05,
    4.999999873689376e-05,
    4.999999873689376e-05,
    4.999999873689376e-05,
    4.999999873689376e-05,
    4.999999873689376e-05,
    4.999999873689376e-05
  ]
}