{
  "loss": [
    5.655497074127197,
    3.1855013370513916,
    2.19897723197937,
    1.701860785484314,
    1.4130386114120483,
    1.2284585237503052,
    1.107051134109497,
    1.0217764377593994,
    0.9604178071022034,
    0.9084968566894531,
    0.8692507147789001,
    0.8460546731948853,
    0.8275906443595886,
    0.8055636882781982,
    0.7892358303070068,
    0.7704139351844788
  ],
  "r2": [
    -0.4655919075012207,
    0.20472657680511475,
    0.34456032514572144,
    0.3947754502296448,
    0.4239959716796875,
    0.4487378001213074,
    0.46830904483795166,
    0.48594266176223755,
    0.4992801547050476,
    0.5138944387435913,
    0.5285314917564392,
    0.5371624827384949,
    0.5428613424301147,
    0.5520918369293213,
    0.5574175119400024,
    0.5654232501983643
  ],
  "rmse": [
    1.3693662881851196,
    1.0087213516235352,
    0.9157555103302002,
    0.879977285861969,
    0.8584712743759155,
    0.8398316502571106,
    0.8247889876365662,
    0.8109966516494751,
    0.8004065752029419,
    0.78863924741745,
    0.7766749858856201,
    0.7695333957672119,
    0.7647809386253357,
    0.7570205330848694,
    0.7525064945220947,
    0.7456696629524231
  ],
  "val_loss": [
    4.188103199005127,
    2.824720621109009,
    2.2275030612945557,
    1.8287383317947388,
    1.6520558595657349,
    1.5885595083236694,
    1.5343990325927734,
    1.423630952835083,
    1.4803436994552612,
    1.4931515455245972,
    1.3379168510437012,
    1.3904742002487183,
    1.3521355390548706,
    1.3843414783477783,
    1.3463976383209229,
    1.4047514200210571
  ],
  "val_r2": [
    -0.2031993865966797,
    0.013575255870819092,
    0.034490764141082764,
    0.10013687610626221,
    0.08623349666595459,
    0.038374125957489014,
    0.019429266452789307,
    0.06989246606826782,
    -0.010849237442016602,
    -0.04702293872833252,
    0.07511729001998901,
    0.020038604736328125,
    0.04385620355606079,
    0.007738828659057617,
    0.03259158134460449,
    -0.024637699127197266
  ],
  "val_rmse": [
    1.1843637228012085,
    1.0723787546157837,
    1.0609487295150757,
    1.0242464542388916,
    1.0321288108825684,
    1.0588133335113525,
    1.0691920518875122,
    1.0413167476654053,
    1.0855739116668701,
    1.1048271656036377,
    1.0383877754211426,
    1.0688598155975342,
    1.0557907819747925,
    1.0755466222763062,
    1.0619919300079346,
    1.0929527282714844
  ],
  "learning_rate": [
    9.999999747378752e-05,
    9.999999747378752e-05,
    9.999999747378752e-05,
    9.999999747378752e-05,
    9.999999747378752e-05,
    9.999999747378752e-05,
    9.999999747378752e-05,
    9.999999747378752e-05,
    9.999999747378752e-05,
    9.999999747378752e-05,
    4.999999873689376e-05,
    4.999999873689376e-05,
    4.999999873689376e-05,
    4.999999873689376e-05,
    4.999999873689376e-05,
    4.999999873689376e-05
  ]
}