model,fit_seconds,rmse_test,r2_test,n_test,rmse_val,r2_val,n_val,notes
mlp_tf,18.44333267211914,7.808822968578325,0.378850565415521,288083.0,7.818841075152157,0.4935202073601488,135040.0,features=12 emb_dim=8
random_forest,35.641881227493286,7.863330621449984,0.3701487255053756,288083.0,7.877964921901787,0.48583153581185057,135040.0,n_estimators=300 max_depth=None min_leaf=1 max_features=sqrt n_jobs=-1
lstm_tf,168.07975435256958,7.850909884480317,0.3729723645233146,250000.0,7.928140143893065,0.47926113994613295,135040.0,lookback=168 device=GPU
ridge,0.5495584011077881,7.969573772703362,0.3530136322346361,288083.0,7.965753920308069,0.4743082967479393,135040.0,alpha=1.0
transformer_tf,582.96280169487,7.9557071037461435,0.35612098784496427,250000.0,8.15461136869182,0.4490859000230243,135040.0,lookback=168 d_model=128
sarima_seasonal,441.4293932914734,9.168325466764934,0.14374132678750995,288083.0,10.510489353236649,0.08478480042798753,135040.0,"order=(1, 0, 1) seasonal=(1, 0, 1, 24)"
