model,fit_seconds,rmse_test,r2_test,n_test,rmse_val,r2_val,n_val,notes
lstm_tf,197.40278244018555,7.695252014784316,0.4015144612202711,250000.0,7.6494774456079035,0.5184034079443763,129354.0,lookback=168 device=GPU
transformer_tf,580.1498939990997,7.711377151311911,0.39900362146647106,250000.0,7.723958832019199,0.5089793364476216,129354.0,lookback=168 d_model=128
mlp_tf,18.972107648849487,7.858735914851724,0.3747390569190082,278851.0,7.891926261520566,0.4873913792256037,129354.0,features=12 emb_dim=8
random_forest,34.51022386550903,7.847844655120457,0.3764709286182508,278851.0,7.892302774761775,0.48734246658083724,129354.0,n_estimators=300 max_depth=None min_leaf=1 max_features=sqrt n_jobs=-1
ridge,0.5152690410614014,8.190928148061122,0.3207617353168988,278851.0,8.22567620040605,0.4431181194197512,129354.0,alpha=1.0
sarima_seasonal,429.0664577484131,9.196266413303059,0.14379255548779124,278851.0,10.564561187152705,0.08140771526068835,129354.0,"order=(1, 0, 1) seasonal=(1, 0, 1, 24)"
