model,fit_seconds,rmse_test,r2_test,n_test,rmse_val,r2_val,n_val,notes
transformer_tf,579.2562005519867,7.7626034112934805,0.38631254054670694,250000.0,7.8398256377136155,0.48887746624267714,129898.0,lookback=168 d_model=128
mlp_tf,18.365825653076172,7.859443014269415,0.3695897711180749,279703.0,7.885639050408658,0.4828863416386322,129898.0,features=12 emb_dim=8
lstm_tf,229.7857449054718,7.823351228750248,0.3766698875510621,250000.0,7.8995250789173985,0.481063540148954,129898.0,lookback=168 device=GPU
random_forest,34.4326651096344,7.934701780274476,0.3574588741551973,279703.0,7.969158278394714,0.47187451478090325,129898.0,n_estimators=300 max_depth=None min_leaf=1 max_features=sqrt n_jobs=-1
ridge,0.5277535915374756,8.483061672486901,0.26557921216725455,279703.0,8.591968020967256,0.38610015465257985,129898.0,alpha=1.0
sarima_seasonal,436.6502375602722,9.165726819407988,0.1426196405161102,279703.0,10.50654238782867,0.08202288577739814,129898.0,"order=(1, 0, 1) seasonal=(1, 0, 1, 24)"
