model,fit_seconds,rmse_test,r2_test,n_test,rmse_val,r2_val,n_val,notes
transformer_tf,579.8072772026062,7.741922709465976,0.39323593891634623,250000.0,7.800014174430714,0.49925263063272096,129370.0,lookback=168 d_model=128
lstm_tf,228.54047417640686,7.762683549680167,0.38997736291633567,250000.0,7.812090826637883,0.49770083003261023,129370.0,lookback=168 device=GPU
mlp_tf,19.33899235725403,7.806328425150169,0.3823903233722715,278807.0,7.835011509831633,0.49474901341002364,129370.0,features=12 emb_dim=8
random_forest,34.123783826828,7.865103634185362,0.3730551301167502,278807.0,7.919689513618496,0.4837688537392839,129370.0,n_estimators=300 max_depth=None min_leaf=1 max_features=sqrt n_jobs=-1
ridge,0.5125687122344971,8.245615110395475,0.31092487603549346,278807.0,8.294508931175125,0.4337486498298939,129370.0,alpha=1.0
sarima_seasonal,440.60051250457764,9.190841470659297,0.1438871721863686,278807.0,10.56113977543392,0.08198564289047539,129370.0,"order=(1, 0, 1) seasonal=(1, 0, 1, 24)"
