model,fit_seconds,rmse_test,r2_test,n_test,rmse_val,r2_val,n_val,notes
lstm_tf,213.19485998153687,7.753434087542068,0.3855955226477068,250000.0,7.771633571699314,0.49804306967839607,129609.0,lookback=168 device=GPU
mlp_tf,20.387041091918945,7.848613053224654,0.370421161254618,279199.0,7.901058466570007,0.48118517856825205,129609.0,features=12 emb_dim=8
random_forest,34.09066820144653,7.924646392546311,0.3581640030774995,279199.0,7.973258758507329,0.4716599409930511,129609.0,n_estimators=300 max_depth=None min_leaf=1 max_features=sqrt n_jobs=-1
transformer_tf,579.998010635376,7.811195575766765,0.37640704973482997,250000.0,8.031572298574073,0.4639035026678454,129609.0,lookback=168 d_model=128
ridge,0.5270981788635254,8.468686701843367,0.26701275331059204,279199.0,8.610610527227227,0.3838169965809842,129609.0,alpha=1.0
sarima_seasonal,432.18536472320557,9.1620681019401,0.14207106258356017,279199.0,10.503182594478968,0.0831808956621175,129609.0,"order=(1, 0, 1) seasonal=(1, 0, 1, 24)"
