model,fit_seconds,rmse_test,r2_test,n_test,rmse_val,r2_val,n_val,notes
mlp_tf,19.17085838317871,7.804605633609921,0.37771167049024723,283050.0,7.806915794767903,0.4922822934617508,131647.0,features=12 emb_dim=8
random_forest,34.76211667060852,7.878566944557712,0.3658614005125773,283050.0,7.876156236359835,0.48323634157832807,131647.0,n_estimators=300 max_depth=None min_leaf=1 max_features=sqrt n_jobs=-1
lstm_tf,184.44089889526367,7.823594391686994,0.3741096222861052,250000.0,7.919683926438198,0.4775087546427894,131647.0,lookback=168 device=GPU
transformer_tf,579.8933074474335,7.8177639735136575,0.3750421458022609,250000.0,7.968050722864911,0.47110738921431283,131647.0,lookback=168 d_model=128
ridge,0.5374951362609863,8.028048979582485,0.34156977784234854,283050.0,8.024905344823189,0.46353282198358103,131647.0,alpha=1.0
sarima_seasonal,443.3368294239044,9.154021567639091,0.14392149502795049,283050.0,10.501321486244937,0.08134757155006145,131647.0,"order=(1, 0, 1) seasonal=(1, 0, 1, 24)"
