model,fit_seconds,rmse_test,r2_test,n_test,rmse_val,r2_val,n_val,notes
mlp_tf,19.061365365982056,7.831801193950209,0.37601990245894235,278891.0,7.856658424092121,0.48736061921235696,129453.0,features=12 emb_dim=8
transformer_tf,579.6004366874695,7.781418619129599,0.3836304096069284,250000.0,7.895660401897875,0.4822583032927562,129453.0,lookback=168 d_model=128
lstm_tf,229.34229683876038,7.78236655149137,0.3834802281815519,250000.0,7.899706466811429,0.4817275425603421,129453.0,lookback=168 device=GPU
random_forest,34.34537172317505,7.891053254231307,0.36654265393053975,278891.0,7.92735659073729,0.4780931352073704,129453.0,n_estimators=300 max_depth=None min_leaf=1 max_features=sqrt n_jobs=-1
ridge,0.520458459854126,8.388525253950391,0.28415555201204556,278891.0,8.466167755046262,0.40473553142390273,129453.0,alpha=1.0
sarima_seasonal,448.5374245643616,9.176961519549707,0.14326748520741261,278891.0,10.50448886994529,0.08359790916497611,129453.0,"order=(1, 0, 1) seasonal=(1, 0, 1, 24)"
