model,fit_seconds,rmse_test,r2_test,n_test,rmse_val,r2_val,n_val,notes
transformer_tf,582.467666387558,6.915694485329577,0.5132492148644119,250000.0,6.831976441067144,0.6155688790447664,130251.0,lookback=168 d_model=128
mlp_tf,18.657804489135742,6.937761752386396,0.5117399488761691,280330.0,6.8458815723112165,0.6140024201567664,130251.0,features=12 emb_dim=8
random_forest,34.87020969390869,7.08039726111077,0.49145700151630456,280330.0,7.030636964380139,0.59288681871048,130251.0,n_estimators=300 max_depth=None min_leaf=1 max_features=sqrt n_jobs=-1
lstm_tf,122.91681098937988,7.130563988237313,0.482532801935208,250000.0,7.109705890583987,0.5836782611452845,130251.0,lookback=168 device=GPU
ridge,0.5258679389953613,7.773194348805277,0.3870691495401325,280330.0,7.844915656550054,0.4931232453118326,130251.0,alpha=1.0
sarima_seasonal,443.96878361701965,9.18413944129183,0.14436337414140576,280330.0,10.569874112160186,0.07983555683214583,130251.0,"order=(1, 0, 1) seasonal=(1, 0, 1, 24)"
