model,fit_seconds,rmse_test,r2_test,n_test,rmse_val,r2_val,n_val,notes
lstm_tf,198.5533208847046,7.743484278789669,0.388231126595341,250000.0,7.765739089924341,0.497935230487325,129466.0,lookback=168 device=GPU
transformer_tf,580.2325625419617,7.777592592893476,0.3828298472589645,250000.0,7.874962547640383,0.48371304594687015,129466.0,lookback=168 d_model=128
mlp_tf,19.438514232635498,7.85721123925673,0.37035800174412337,278935.0,7.912050784735086,0.47883854315564567,129466.0,features=12 emb_dim=8
random_forest,34.504406452178955,7.910875089674237,0.3617278656844428,278935.0,7.943588902793895,0.47467547367584784,129466.0,n_estimators=300 max_depth=None min_leaf=1 max_features=sqrt n_jobs=-1
ridge,0.5150594711303711,8.435106125338406,0.2743320673009948,278935.0,8.540043854074828,0.39282433320328736,129466.0,alpha=1.0
sarima_seasonal,438.8884596824646,9.170367019713492,0.14231016099023275,278935.0,10.490902033945634,0.08373769561001065,129466.0,"order=(1, 0, 1) seasonal=(1, 0, 1, 24)"
