model,fit_seconds,rmse_test,r2_test,n_test,rmse_val,r2_val,n_val,notes
mlp_tf,19.248066902160645,7.591058636262351,0.4162158724439642,279064.0,7.566601679618848,0.5295815411476742,129500.0,features=12 emb_dim=8
transformer_tf,579.7299861907959,7.55771702571305,0.4212414889480688,250000.0,7.583302188637527,0.5275026957362277,129500.0,lookback=168 d_model=128
lstm_tf,184.08474397659302,7.611743352089618,0.41293740547250457,250000.0,7.594520374138776,0.5261037054522325,129500.0,lookback=168 device=GPU
random_forest,35.21689176559448,7.652724880100997,0.40669256396198583,279064.0,7.627734520646559,0.5219495316196069,129500.0,n_estimators=300 max_depth=None min_leaf=1 max_features=sqrt n_jobs=-1
ridge,0.5209639072418213,8.231779011154492,0.31350876538893224,279064.0,8.352353435790075,0.4268077145756024,129500.0,alpha=1.0
sarima_seasonal,436.92965817451477,9.201586438074443,0.14222573799850158,279064.0,10.578302981927774,0.0805785887893532,129500.0,"order=(1, 0, 1) seasonal=(1, 0, 1, 24)"
