model,fit_seconds,rmse_test,r2_test,n_test,rmse_val,r2_val,n_val,notes
mlp_tf,18.965169191360474,7.668016412267526,0.40422627784011855,278905.0,7.660495999826641,0.517613404729832,129461.0,features=12 emb_dim=8
transformer_tf,579.8018770217896,7.62881547613847,0.40965026080538514,250000.0,7.676723318045785,0.5155675498166268,129461.0,lookback=168 d_model=128
random_forest,35.08345675468445,7.748476649639824,0.39165781483975415,278905.0,7.7769011275560676,0.502841801620581,129461.0,n_estimators=300 max_depth=None min_leaf=1 max_features=sqrt n_jobs=-1
lstm_tf,77.90043091773987,7.831733533244557,0.37782728694490464,250000.0,7.854910626718952,0.49281786598036614,129461.0,lookback=168 device=GPU
ridge,0.5174567699432373,8.361868574379056,0.29152920713302655,278905.0,8.489179729356591,0.4076029226597815,129461.0,alpha=1.0
sarima_seasonal,438.84279704093933,9.193952653329909,0.14351491985899933,278905.0,10.574236600155267,0.08086459031435089,129461.0,"order=(1, 0, 1) seasonal=(1, 0, 1, 24)"
