model,fit_seconds,rmse_test,r2_test,n_test,rmse_val,r2_val,n_val,notes
mlp_tf,19.365739107131958,7.594779144551661,0.4154620743944081,278955.0,7.5747872428048915,0.5290752309430224,129471.0,features=12 emb_dim=8
transformer_tf,580.1970331668854,7.613726607952355,0.4128626648004666,250000.0,7.676603769579966,0.5163302735206649,129471.0,lookback=168 d_model=128
lstm_tf,230.4801995754242,7.646497223498245,0.40779753424711307,250000.0,7.692941396280075,0.5142693558667657,129471.0,lookback=168 device=GPU
random_forest,34.96999144554138,7.699013159726359,0.39930707128324106,278955.0,7.710480664943381,0.5120519801044996,129471.0,n_estimators=300 max_depth=None min_leaf=1 max_features=sqrt n_jobs=-1
ridge,0.5186753273010254,8.339429430659294,0.2952175653962581,278955.0,8.479021220601753,0.40993195055707965,129471.0,alpha=1.0
sarima_seasonal,429.44727516174316,9.195374845323514,0.14311750448408778,278955.0,10.584412026032282,0.08051609796000647,129471.0,"order=(1, 0, 1) seasonal=(1, 0, 1, 24)"
