model,fit_seconds,rmse_test,r2_test,n_test,rmse_val,r2_val,n_val,notes
mlp_tf,19.51329779624939,7.846081779641949,0.3717570734167852,281305.0,7.865596208372548,0.4847627111018774,130732.0,features=12 emb_dim=8
lstm_tf,154.26513838768005,7.814088236105097,0.3761367825996774,250000.0,7.870919568662581,0.48406505976070524,130732.0,lookback=168 device=GPU
random_forest,34.62968349456787,7.918191972685171,0.3601561498294469,281305.0,7.939813357120363,0.47499362367026077,130732.0,n_estimators=300 max_depth=None min_leaf=1 max_features=sqrt n_jobs=-1
transformer_tf,578.4621357917786,7.88142773845915,0.3653379139527281,250000.0,7.947624895974835,0.47396006626245224,130732.0,lookback=168 d_model=128
ridge,0.5330967903137207,8.234121427534593,0.3080790491912585,281305.0,8.28011889241463,0.4290249429227897,130732.0,alpha=1.0
sarima_seasonal,431.90835428237915,9.160353469080572,0.14365964504981132,281305.0,10.504268728692937,0.08108437027186532,130732.0,"order=(1, 0, 1) seasonal=(1, 0, 1, 24)"
