model,fit_seconds,rmse_test,r2_test,n_test,rmse_val,r2_val,n_val,notes
transformer_tf,580.5666353702545,5.869629465385298,0.6484252274620124,250000.0,5.750415872340323,0.7250618733548382,131677.0,lookback=168 d_model=128
mlp_tf,18.863273859024048,5.890999855968589,0.6459671993493962,283057.0,5.791146059893092,0.7211533072896726,131677.0,features=12 emb_dim=8
random_forest,34.99169325828552,5.9527631690011775,0.6385046749254504,283057.0,5.8623652451522394,0.7142526532483917,131677.0,n_estimators=300 max_depth=None min_leaf=1 max_features=sqrt n_jobs=-1
lstm_tf,78.26296782493591,6.115108041257881,0.618403308140744,250000.0,6.062145414705578,0.6944451649780428,131677.0,lookback=168 device=GPU
ridge,0.5332505702972412,6.210415726618908,0.6065343515865756,283057.0,6.153758408604857,0.685140105905912,131677.0,alpha=1.0
sarima_seasonal,436.6331284046173,9.154472114700917,0.14506698498489268,283057.0,10.520645788951404,0.07971729891827128,131677.0,"order=(1, 0, 1) seasonal=(1, 0, 1, 24)"
