model,fit_seconds,rmse_test,r2_test,n_test,rmse_val,r2_val,n_val,notes
transformer_tf,578.7552425861359,6.553229539459857,0.5638064912089472,250000.0,6.432800310744678,0.6581318015907088,130778.0,lookback=168 d_model=128
mlp_tf,19.476805925369263,6.57782725438593,0.5602925650143893,281336.0,6.483998578459258,0.6526683295128184,130778.0,features=12 emb_dim=8
random_forest,35.03332161903381,6.6991725238443225,0.5439198132361495,281336.0,6.625580171121009,0.6373343779028611,130778.0,n_estimators=300 max_depth=None min_leaf=1 max_features=sqrt n_jobs=-1
lstm_tf,138.14179301261902,6.829951614334181,0.5261905788556303,250000.0,6.823439834167445,0.6153503902584414,130778.0,lookback=168 device=GPU
ridge,0.5303020477294922,7.226839406047552,0.46924305071566497,281336.0,7.24150950366001,0.5667717455200687,130778.0,alpha=1.0
sarima_seasonal,428.6025159358978,9.173968097052455,0.14471012227735403,281336.0,10.55579953339346,0.07946388704283758,130778.0,"order=(1, 0, 1) seasonal=(1, 0, 1, 24)"
