model,fit_seconds,rmse_test,r2_test,n_test,rmse_val,r2_val,n_val,notes
lstm_tf,215.0455663204193,7.7421695200279625,0.3920589303985059,250000.0,7.726154795180598,0.5056696939779997,129378.0,lookback=168 device=GPU
mlp_tf,19.122686862945557,7.810975458034185,0.3808346347712762,278831.0,7.864989369272676,0.48774440993857915,129378.0,features=12 emb_dim=8
random_forest,34.09211277961731,7.878393130302063,0.3701002954361494,278831.0,7.913304065417265,0.48143149861499257,129378.0,n_estimators=300 max_depth=None min_leaf=1 max_features=sqrt n_jobs=-1
transformer_tf,579.7427880764008,7.875735774057164,0.37090185363931305,250000.0,8.01231004503893,0.4683743589641105,129378.0,lookback=168 d_model=128
ridge,0.5057060718536377,8.320927146130195,0.29734919632775336,278831.0,8.36992501394374,0.4198589981201535,129378.0,alpha=1.0
sarima_seasonal,438.4160261154175,9.184277368857984,0.14397570540742655,278831.0,10.520615863927615,0.08341498345454568,129378.0,"order=(1, 0, 1) seasonal=(1, 0, 1, 24)"
