model,fit_seconds,rmse_test,r2_test,n_test,rmse_val,r2_val,n_val,notes
lstm_tf,199.02234745025635,7.699167062051762,0.4009405436042036,250000.0,7.706671064003433,0.511591386402866,129379.0,lookback=168 device=GPU
mlp_tf,19.060442447662354,7.724272225717264,0.396354686930815,278859.0,7.722122617757418,0.5096309453083208,129379.0,features=12 emb_dim=8
transformer_tf,578.1769392490387,7.724787302807741,0.39694697288457526,250000.0,7.784529619662863,0.5016729984391795,129379.0,lookback=168 d_model=128
random_forest,35.00983929634094,7.792000970999638,0.38572238919199386,278859.0,7.829098691186999,0.49595048174752265,129379.0,n_estimators=300 max_depth=None min_leaf=1 max_features=sqrt n_jobs=-1
ridge,0.5146181583404541,8.280384723190748,0.30630634630465836,278859.0,8.371342186082,0.42371162689344577,129379.0,alpha=1.0
sarima_seasonal,436.18968176841736,9.198206439261993,0.14400151651414528,278859.0,10.570740791467326,0.08111636786956589,129379.0,"order=(1, 0, 1) seasonal=(1, 0, 1, 24)"
