model,fit_seconds,rmse_test,r2_test,n_test,rmse_val,r2_val,n_val,notes
transformer_tf,583.0551624298096,7.46042208691034,0.4365674124563894,250000.0,7.453859042197327,0.543636638458207,129638.0,lookback=168 d_model=128
mlp_tf,20.60168433189392,7.491836815458961,0.43082846303818256,279250.0,7.470200968501201,0.5416333723044091,129638.0,features=12 emb_dim=8
random_forest,35.13178372383118,7.572007292411202,0.4185818264123625,279250.0,7.56023398513348,0.5305180576564954,129638.0,n_estimators=300 max_depth=None min_leaf=1 max_features=sqrt n_jobs=-1
lstm_tf,183.15385246276855,7.608019885498362,0.4140528561047965,250000.0,7.628120578925807,0.5220488423161482,129638.0,lookback=168 device=GPU
ridge,0.523521900177002,8.137110765959326,0.3285603076280703,279250.0,8.269968852353689,0.43823307393629296,129638.0,alpha=1.0
sarima_seasonal,433.13686084747314,9.196212413325092,0.14240045199026607,279250.0,10.583765772224698,0.0799130756218559,129638.0,"order=(1, 0, 1) seasonal=(1, 0, 1, 24)"
