model,fit_seconds,rmse_test,r2_test,n_test,rmse_val,r2_val,n_val,notes
lstm_tf,226.64640974998474,7.765110372025236,0.3841821199827864,250000.0,7.784851663602195,0.49608160995575756,129476.0,lookback=168 device=GPU
mlp_tf,19.442569732666016,7.848345127329258,0.3706794718383635,279020.0,7.9152546003839355,0.4790580851287527,129476.0,features=12 emb_dim=8
random_forest,34.51790404319763,7.919677166075187,0.35918794942928245,279020.0,7.962890972749266,0.4727688481116151,129476.0,n_estimators=300 max_depth=None min_leaf=1 max_features=sqrt n_jobs=-1
transformer_tf,578.5849022865295,7.826318943805367,0.37443547372419217,250000.0,8.045001345028819,0.46183956406735693,129476.0,lookback=168 d_model=128
ridge,0.5204823017120361,8.452702561460082,0.27002684842583735,279020.0,8.59086138490404,0.3863327488122088,129476.0,alpha=1.0
sarima_seasonal,437.23795771598816,9.16417977414203,0.14196912947370477,279020.0,10.49811771506085,0.08360565508542872,129476.0,"order=(1, 0, 1) seasonal=(1, 0, 1, 24)"
