model,fit_seconds,rmse_test,r2_test,n_test,rmse_val,r2_val,n_val,notes
lstm_tf,166.88118076324463,7.788467974790511,0.3805389316573593,250000.0,7.827797344603966,0.49080887760071,129722.0,lookback=168 device=GPU
mlp_tf,20.509783506393433,7.867276939466117,0.36790642962348796,279376.0,7.906028493835621,0.48058028868513003,129722.0,features=12 emb_dim=8
transformer_tf,579.1080703735352,7.863077554533908,0.36861383898114475,250000.0,7.959477770911325,0.47353339942850103,129722.0,lookback=168 d_model=128
random_forest,34.09488844871521,7.931101652159434,0.35760888045830264,279376.0,7.983193641657765,0.47039143110969206,129722.0,n_estimators=300 max_depth=None min_leaf=1 max_features=sqrt n_jobs=-1
ridge,0.5115478038787842,8.488375174553925,0.26416298711178243,279376.0,8.610236907283705,0.3839274226132525,129722.0,alpha=1.0
sarima_seasonal,446.55294013023376,9.16426677922848,0.14231474704561353,279376.0,10.5070834157443,0.08258457884324721,129722.0,"order=(1, 0, 1) seasonal=(1, 0, 1, 24)"
