model,fit_seconds,rmse_test,r2_test,n_test,rmse_val,r2_val,n_val,notes
mlp_tf,20.460853576660156,7.313574533863108,0.45806474749384385,279428.0,7.256209712319449,0.5674211958864933,129768.0,features=12 emb_dim=8
transformer_tf,581.4763700962067,7.338042937673956,0.45320478537350906,250000.0,7.351690580175513,0.5559621162475095,129768.0,lookback=168 d_model=128
random_forest,34.72144961357117,7.466618135238113,0.43514640057000553,279428.0,7.441165486440652,0.5450878776571163,129768.0,n_estimators=300 max_depth=None min_leaf=1 max_features=sqrt n_jobs=-1
lstm_tf,108.11234426498413,7.430974203502995,0.4392675172468645,250000.0,7.44479266437902,0.544644277707113,129768.0,lookback=168 device=GPU
ridge,0.53155517578125,8.091303665242982,0.33667705549258375,279428.0,8.207620525260989,0.4465477956525953,129768.0,alpha=1.0
sarima_seasonal,434.6582477092743,9.197263168760417,0.14295180237912442,279428.0,10.585346320492517,0.07943231301078202,129768.0,"order=(1, 0, 1) seasonal=(1, 0, 1, 24)"
