model,fit_seconds,rmse_test,r2_test,n_test,rmse_val,r2_val,n_val,notes
lstm_tf,138.83657956123352,7.708250670759653,0.39928058982021963,250000.0,7.634074521730713,0.5199455980644856,129373.0,lookback=168 device=GPU
mlp_tf,19.261960744857788,7.761214241431427,0.39091883314725884,278819.0,7.769888716248482,0.5027128197202956,129373.0,features=12 emb_dim=8
transformer_tf,579.5584557056427,7.75511686579515,0.3919536305039668,250000.0,7.836428334492835,0.4941590334081212,129373.0,lookback=168 d_model=128
random_forest,34.363457679748535,7.830254423803497,0.3800344260568883,278819.0,7.851317659775195,0.49223499756515643,129373.0,n_estimators=300 max_depth=None min_leaf=1 max_features=sqrt n_jobs=-1
ridge,0.5155222415924072,8.2113905277987,0.3182121745943689,278819.0,8.24506899212136,0.44002807448587855,129373.0,alpha=1.0
sarima_seasonal,439.19934344291687,9.200814279338724,0.14401066046415711,278819.0,10.55818378261209,0.08176022584142806,129373.0,"order=(1, 0, 1) seasonal=(1, 0, 1, 24)"
