model,fit_seconds,rmse_test,r2_test,n_test,rmse_val,r2_val,n_val,notes
lstm_tf,183.64853143692017,7.75383398381575,0.3858859031793851,250000.0,7.789688989390023,0.49517578619319125,130210.0,lookback=168 device=GPU
mlp_tf,18.92587661743164,7.844053935693355,0.37189252060677946,280284.0,7.872346549088103,0.4844054136582032,130210.0,features=12 emb_dim=8
random_forest,34.28640961647034,7.929949610975156,0.3580611235498449,280284.0,7.969158948809793,0.4716460983915186,130210.0,n_estimators=300 max_depth=None min_leaf=1 max_features=sqrt n_jobs=-1
transformer_tf,580.3036108016968,7.903703986329431,0.3619166634829942,250000.0,7.990688784344626,0.46878739273279335,130210.0,lookback=168 d_model=128
ridge,0.5340471267700195,8.403929163047842,0.27902934479931507,280284.0,8.493303803494275,0.3998590540375224,130210.0,alpha=1.0
sarima_seasonal,431.48818922042847,9.160028139822671,0.14346238854412507,280284.0,10.509591551531095,0.08109288103831058,130210.0,"order=(1, 0, 1) seasonal=(1, 0, 1, 24)"
