model,fit_seconds,rmse_test,r2_test,n_test,rmse_val,r2_val,n_val,notes
transformer_tf,580.2261145114899,7.137874263630936,0.4836587231324031,250000.0,7.06357010827981,0.5898212693161269,129943.0,lookback=168 d_model=128
mlp_tf,18.276850938796997,7.156811205009719,0.4809054773717827,279751.0,7.07451692982567,0.5885489289492869,129943.0,features=12 emb_dim=8
random_forest,34.803163290023804,7.312669270232986,0.45805003976276937,279751.0,7.271190188576,0.5653540619785429,129943.0,n_estimators=300 max_depth=None min_leaf=1 max_features=sqrt n_jobs=-1
lstm_tf,153.30764889717102,7.340772873101273,0.4538868532561746,250000.0,7.317842814193417,0.5597587122932816,129943.0,lookback=168 device=GPU
ridge,0.5318021774291992,8.013037966303443,0.34926865670151785,279751.0,8.113521870198182,0.4588178810064265,129943.0,alpha=1.0
sarima_seasonal,428.33801221847534,9.19228049559885,0.14364495468172167,279751.0,10.578195349140259,0.08008482649691928,129943.0,"order=(1, 0, 1) seasonal=(1, 0, 1, 24)"
