{
  "loss": [
    3.4921875,
    2.4042928218841553,
    1.8860373497009277,
    1.5777456760406494,
    1.3823374509811401,
    1.2453535795211792,
    1.144454002380371,
    1.0727813243865967,
    1.0095375776290894,
    0.9658346176147461,
    0.9195261597633362,
    0.8897191286087036,
    0.8621716499328613,
    0.8315705060958862,
    0.8118382096290588,
    0.7985591292381287,
    0.7863746285438538,
    0.7778265476226807,
    0.7662153244018555,
    0.7559283375740051
  ],
  "r2": [
    0.07018619775772095,
    0.30388176441192627,
    0.3813679814338684,
    0.421234667301178,
    0.44009923934936523,
    0.4557010531425476,
    0.4704166054725647,
    0.48022568225860596,
    0.49533331394195557,
    0.5029811859130859,
    0.5184625387191772,
    0.5248534083366394,
    0.5322964191436768,
    0.5441488027572632,
    0.5514799356460571,
    0.5569065809249878,
    0.5617275238037109,
    0.5638791918754578,
    0.5687993764877319,
    0.5727488994598389
  ],
  "rmse": [
    1.0878032445907593,
    0.9412255883216858,
    0.8872966170310974,
    0.8582299947738647,
    0.8441271185874939,
    0.8322831988334656,
    0.8209552764892578,
    0.8133166432380676,
    0.8014100790023804,
    0.7953144311904907,
    0.7828301191329956,
    0.7776177525520325,
    0.7715032696723938,
    0.761664867401123,
    0.7555155158042908,
    0.7509310245513916,
    0.7468346953392029,
    0.7449991106987,
    0.7407847046852112,
    0.7373847365379333
  ],
  "val_loss": [
    2.7757625579833984,
    2.2936923503875732,
    1.8784335851669312,
    1.7048641443252563,
    1.5601160526275635,
    1.441230058670044,
    1.3736917972564697,
    1.3136476278305054,
    1.3052326440811157,
    1.2516553401947021,
    1.264289140701294,
    1.231216311454773,
    1.2313475608825684,
    1.2345589399337769,
    1.243714451789856,
    1.2483822107315063,
    1.2296979427337646,
    1.250243067741394,
    1.2220500707626343,
    1.2388134002685547
  ],
  "val_r2": [
    0.18118757009506226,
    0.11643105745315552,
    0.19983208179473877,
    0.17080777883529663,
    0.17510288953781128,
    0.19412875175476074,
    0.1926608681678772,
    0.20082038640975952,
    0.1751021146774292,
    0.19546347856521606,
    0.16405260562896729,
    0.17575132846832275,
    0.16117072105407715,
    0.14599353075027466,
    0.13242250680923462,
    0.12298381328582764,
    0.13399797677993774,
    0.11144042015075684,
    0.13120704889297485,
    0.11232292652130127
  ],
  "val_rmse": [
    0.9743409156799316,
    1.0121361017227173,
    0.963184118270874,
    0.9804970622062683,
    0.9779542684555054,
    0.9666105508804321,
    0.9674904942512512,
    0.9625890254974365,
    0.9779548048973083,
    0.9658097624778748,
    0.9844828248023987,
    0.9775698781013489,
    0.9861785173416138,
    0.9950599074363708,
    1.0029351711273193,
    1.0083760023117065,
    1.0020240545272827,
    1.0149905681610107,
    1.0036375522613525,
    1.014486312866211
  ],
  "learning_rate": [
    9.999999747378752e-05,
    9.999999747378752e-05,
    9.999999747378752e-05,
    9.999999747378752e-05,
    9.999999747378752e-05,
    9.999999747378752e-05,
    9.999999747378752e-05,
    9.999999747378752e-05,
    9.999999747378752e-05,
    9.999999747378752e-05,
    9.999999747378752e-05,
    9.999999747378752e-05,
    9.999999747378752e-05,
    9.999999747378752e-05,
    4.999999873689376e-05,
    4.999999873689376e-05,
    4.999999873689376e-05,
    4.999999873689376e-05,
    4.999999873689376e-05,
    4.999999873689376e-05
  ]
}