{
  "loss": [
    0.4714745879173279,
    0.4005540907382965,
    0.360897421836853,
    0.3181152641773224,
    0.2909146249294281,
    0.2514018416404724,
    0.2320985347032547,
    0.19426226615905762,
    0.18185113370418549,
    0.17222905158996582,
    0.17307184636592865,
    0.16115611791610718,
    0.1553177684545517
  ],
  "r2": [
    -194.44244384765625,
    -202.78480529785156,
    -207.5529327392578,
    -213.3009796142578,
    -216.70489501953125,
    -220.55166625976562,
    -223.80259704589844,
    -228.96739196777344,
    -229.23101806640625,
    -231.2344207763672,
    -230.84861755371094,
    -232.66452026367188,
    -232.63543701171875
  ],
  "rmse": [
    0.6866400837898254,
    0.632893443107605,
    0.6007473468780518,
    0.5640170574188232,
    0.5393649935722351,
    0.5013998746871948,
    0.4817660450935364,
    0.44075191020965576,
    0.4264400601387024,
    0.4150048792362213,
    0.4160190522670746,
    0.4014425575733185,
    0.3941037654876709
  ],
  "val_loss": [
    0.454677551984787,
    0.4947282671928406,
    0.43402108550071716,
    0.4861481487751007,
    0.4925219714641571,
    0.6171599626541138,
    0.68902587890625,
    0.5957865118980408,
    0.5730727314949036,
    0.573719322681427,
    0.5893418192863464,
    0.5857092142105103,
    0.5946109294891357
  ],
  "val_r2": [
    -93.20214080810547,
    -106.30350494384766,
    -97.49919891357422,
    -95.94374084472656,
    -98.20467376708984,
    -122.61425018310547,
    -133.59031677246094,
    -116.7783203125,
    -113.8770980834961,
    -115.05398559570312,
    -118.16241455078125,
    -112.79310607910156,
    -117.40643310546875
  ],
  "val_rmse": [
    0.6742978096008301,
    0.7033692002296448,
    0.6588027477264404,
    0.6972432136535645,
    0.7017990946769714,
    0.7855952978134155,
    0.8300758004188538,
    0.7718720436096191,
    0.7570156455039978,
    0.7574425935745239,
    0.7676860094070435,
    0.7653164267539978,
    0.7711101770401001
  ],
  "learning_rate": [
    0.0010000000474974513,
    0.0010000000474974513,
    0.0010000000474974513,
    0.0010000000474974513,
    0.0010000000474974513,
    0.0010000000474974513,
    0.0010000000474974513,
    0.0005000000237487257,
    0.0005000000237487257,
    0.0005000000237487257,
    0.0005000000237487257,
    0.0005000000237487257,
    0.0005000000237487257
  ]
}