{
  "loss": [
    98.69197082519531,
    64.72795104980469,
    63.668949127197266,
    61.78387451171875,
    59.09086227416992,
    57.68622970581055,
    57.1515998840332,
    57.20048141479492,
    57.895633697509766,
    58.23497772216797,
    57.10465621948242,
    55.61399459838867,
    55.470069885253906,
    55.114341735839844,
    55.15006637573242,
    55.243751525878906,
    54.55717086791992,
    54.33763885498047
  ],
  "r2": [
    -177.5231170654297,
    -185.4501190185547,
    -187.22898864746094,
    -186.87107849121094,
    -191.3518829345703,
    -191.551513671875,
    -193.56410217285156,
    -192.90972900390625,
    -192.27133178710938,
    -192.58648681640625,
    -193.33192443847656,
    -193.55738830566406,
    -194.46014404296875,
    -194.23355102539062,
    -193.23985290527344,
    -194.4557647705078,
    -194.9429473876953,
    -195.03529357910156
  ],
  "rmse": [
    9.934383392333984,
    8.045368194580078,
    7.979282379150391,
    7.86027193069458,
    7.687057971954346,
    7.595145225524902,
    7.5598673820495605,
    7.5630998611450195,
    7.608918190002441,
    7.6311845779418945,
    7.556762218475342,
    7.457479000091553,
    7.4478230476379395,
    7.423903465270996,
    7.426309108734131,
    7.432613849639893,
    7.386282444000244,
    7.3714070320129395
  ],
  "val_loss": [
    62.811302185058594,
    59.9913330078125,
    60.561397552490234,
    58.49223709106445,
    54.44872283935547,
    51.869354248046875,
    52.21616744995117,
    52.42824935913086,
    56.5589714050293,
    54.40453338623047,
    53.71202850341797,
    51.48088455200195,
    52.29035949707031,
    52.0719108581543,
    50.014774322509766,
    49.9688606262207,
    50.850196838378906,
    49.94767379760742
  ],
  "val_r2": [
    -86.51524353027344,
    -79.73049926757812,
    -82.83680725097656,
    -81.42728424072266,
    -81.29515838623047,
    -79.68695831298828,
    -85.4352035522461,
    -82.53511047363281,
    -87.14756774902344,
    -87.74964141845703,
    -85.2913589477539,
    -85.43524932861328,
    -85.37017059326172,
    -84.73300170898438,
    -81.25999450683594,
    -82.99655151367188,
    -82.07630157470703,
    -83.37971496582031
  ],
  "val_rmse": [
    7.925358295440674,
    7.7454071044921875,
    7.782120227813721,
    7.648021697998047,
    7.378937721252441,
    7.202038288116455,
    7.226075649261475,
    7.2407355308532715,
    7.520569801330566,
    7.375942707061768,
    7.328848838806152,
    7.175017833709717,
    7.231207370758057,
    7.2160868644714355,
    7.072112560272217,
    7.068865776062012,
    7.130932331085205,
    7.067366600036621
  ],
  "learning_rate": [
    0.0010000000474974513,
    0.0010000000474974513,
    0.0010000000474974513,
    0.0010000000474974513,
    0.0010000000474974513,
    0.0010000000474974513,
    0.0010000000474974513,
    0.0010000000474974513,
    0.0010000000474974513,
    0.0010000000474974513,
    0.0010000000474974513,
    0.0010000000474974513,
    0.0005000000237487257,
    0.0005000000237487257,
    0.0005000000237487257,
    0.0005000000237487257,
    0.0005000000237487257,
    0.0005000000237487257
  ]
}