{
  "loss": [
    0.5001165270805359,
    0.4164384603500366,
    0.382830411195755,
    0.35671454668045044,
    0.33481886982917786,
    0.318311870098114,
    0.29898080229759216,
    0.2765355408191681,
    0.2706677317619324,
    0.2609902620315552,
    0.2554241418838501,
    0.247091144323349,
    0.24469925463199615
  ],
  "r2": [
    -91.13765716552734,
    -98.76234436035156,
    -100.48433685302734,
    -102.0892105102539,
    -103.68082427978516,
    -104.63616943359375,
    -106.25997161865234,
    -107.22960662841797,
    -107.62567138671875,
    -108.25447845458984,
    -109.2248764038086,
    -109.29889678955078,
    -109.50547790527344
  ],
  "rmse": [
    0.70718914270401,
    0.6453204154968262,
    0.6187328696250916,
    0.5972558259963989,
    0.5786353349685669,
    0.5641913414001465,
    0.5467913746833801,
    0.5258664488792419,
    0.5202573537826538,
    0.5108720660209656,
    0.5053949952125549,
    0.4970826208591461,
    0.4946708381175995
  ],
  "val_loss": [
    0.469333678483963,
    0.46474552154541016,
    0.4672544598579407,
    0.45276978611946106,
    0.4619430899620056,
    0.45519736409187317,
    0.47611069679260254,
    0.47522062063217163,
    0.47150662541389465,
    0.4802490770816803,
    0.47679218649864197,
    0.4785565733909607,
    0.47913944721221924
  ],
  "val_r2": [
    -41.230262756347656,
    -42.562538146972656,
    -44.719303131103516,
    -42.96421813964844,
    -45.93611145019531,
    -44.1912956237793,
    -46.951812744140625,
    -47.32016372680664,
    -46.49064636230469,
    -47.86804962158203,
    -47.559326171875,
    -47.6497917175293,
    -46.98529815673828
  ],
  "val_rmse": [
    0.6850793361663818,
    0.6817224621772766,
    0.6835601329803467,
    0.6728817224502563,
    0.6796639561653137,
    0.674683153629303,
    0.690007746219635,
    0.6893624663352966,
    0.6866633892059326,
    0.6930000185966492,
    0.6905013918876648,
    0.6917778253555298,
    0.6921989917755127
  ],
  "learning_rate": [
    9.999999747378752e-05,
    9.999999747378752e-05,
    9.999999747378752e-05,
    9.999999747378752e-05,
    9.999999747378752e-05,
    9.999999747378752e-05,
    9.999999747378752e-05,
    4.999999873689376e-05,
    4.999999873689376e-05,
    4.999999873689376e-05,
    4.999999873689376e-05,
    4.999999873689376e-05,
    4.999999873689376e-05
  ]
}